,trips,total_docks,year,month,weekday,max_temperature_f,mean_temperature_f,min_temperature_f,max_dew_point_f,mean_dew_point_f,min_dew_point_f,max_humidity,mean_humidity,min_humidity,max_sea_level_pressure_inches,mean_sea_level_pressure_inches,min_sea_level_pressure_inches,max_visibility_miles,mean_visibility_miles,min_visibility_miles,max_wind_Speed_mph,mean_wind_speed_mph,max_gust_speed_mph,precipitation_inches,cloud_cover,wind_dir_degrees,Fog,Fog-Rain,Normal,Rain,Rain-Thunderstorm,weekend
2,10,91,2013,8,3,80.0,70.0,64.0,65.0,61.0,58.0,83.0,72.0,55.0,30.04,30.04,29.94,10.0,10.0,10.0,16.0,5.0,16.0,0.0,4.0,355.0,0,0,1,0,0,0
7,18,91,2013,8,4,87.0,72.0,63.0,66.0,61.0,57.0,84.0,68.0,47.0,30.03,30.02,29.9,10.0,10.0,10.0,15.0,2.0,18.0,0.0,2.0,5.0,0,0,1,0,0,0
10,22,91,2013,8,5,78.0,68.0,59.0,62.0,58.0,52.0,83.0,70.0,55.0,29.97,29.97,29.88,10.0,10.0,10.0,14.0,2.0,20.0,0.0,0.0,353.0,0,0,1,0,0,1
17,14,91,2013,9,6,81.0,70.0,61.0,62.0,58.0,54.0,80.0,67.0,47.0,29.94,29.95,29.85,10.0,10.0,10.0,14.0,4.0,16.0,0.0,1.0,354.0,0,0,1,0,0,1
22,9,91,2013,9,0,80.0,71.0,66.0,64.0,61.0,58.0,80.0,70.0,58.0,29.95,29.95,29.86,10.0,10.0,10.0,14.0,4.0,19.0,0.0,5.0,337.0,0,0,1,0,0,0
27,10,91,2013,9,1,81.0,69.0,58.0,60.0,56.0,52.0,82.0,65.0,44.0,29.99,29.99,29.93,10.0,10.0,10.0,19.0,2.0,20.0,1.71,6.0,341.0,0,0,0,1,0,0
32,10,91,2013,9,2,82.0,68.0,56.0,61.0,55.0,49.0,81.0,64.0,43.0,30.04,30.02,29.94,10.0,10.0,10.0,15.0,0.0,20.0,0.0,0.0,324.0,0,0,1,0,0,0
37,7,91,2013,9,3,81.0,68.0,56.0,59.0,54.0,50.0,81.0,63.0,41.0,30.02,30.02,29.95,10.0,10.0,10.0,16.0,1.0,114.0,0.0,0.0,335.0,0,0,1,0,0,0
42,9,91,2013,9,4,90.0,71.0,54.0,62.0,54.0,47.0,80.0,57.0,31.0,29.99,29.93,29.79,10.0,10.0,10.0,8.0,0.0,8.0,0.0,0.0,350.0,0,0,1,0,0,0
48,16,91,2013,9,5,95.0,74.0,58.0,64.0,55.0,48.0,71.0,55.0,26.0,29.87,29.86,29.77,10.0,10.0,10.0,0.0,0.0,13.0,0.0,0.0,337.0,0,0,1,0,0,1
52,10,91,2013,9,6,85.0,70.0,60.0,64.0,58.0,53.0,81.0,66.0,46.0,29.87,29.85,29.74,10.0,10.0,10.0,5.0,0.0,9.0,0.0,1.0,326.0,0,0,1,0,0,1
59,12,91,2013,9,0,85.0,70.0,59.0,64.0,58.0,52.0,81.0,68.0,44.0,29.81,29.79,29.7,10.0,10.0,10.0,7.0,0.0,10.0,0.0,0.0,334.0,0,0,1,0,0,0
64,8,91,2013,9,1,81.0,70.0,62.0,62.0,58.0,54.0,82.0,68.0,52.0,29.89,29.82,29.73,10.0,10.0,9.0,6.0,0.0,6.0,0.0,3.0,18.0,0,0,1,0,0,0
69,6,91,2013,9,2,77.0,66.0,56.0,60.0,55.0,50.0,81.0,68.0,55.0,29.98,29.97,29.88,10.0,10.0,9.0,12.0,1.0,15.0,0.0,0.0,6.0,0,0,1,0,0,0
71,9,91,2013,9,3,75.0,67.0,61.0,61.0,57.0,53.0,78.0,71.0,60.0,29.98,29.97,29.88,10.0,10.0,10.0,14.0,2.0,18.0,0.0,4.0,353.0,0,0,1,0,0,0
78,10,91,2013,9,4,73.0,66.0,61.0,60.0,56.0,54.0,79.0,73.0,62.0,29.92,29.89,29.78,10.0,10.0,10.0,17.0,3.0,17.0,0.0,4.0,356.0,0,0,1,0,0,0
80,7,91,2013,9,5,73.0,64.0,57.0,60.0,55.0,50.0,82.0,71.0,62.0,29.84,29.83,29.75,10.0,10.0,10.0,15.0,2.0,16.0,0.0,4.0,353.0,0,0,1,0,0,1
86,5,91,2013,9,6,79.0,66.0,56.0,61.0,55.0,49.0,80.0,69.0,52.0,29.88,29.86,29.8,10.0,10.0,10.0,15.0,2.0,16.0,0.0,4.0,338.0,0,0,1,0,0,1
93,7,91,2013,9,0,81.0,68.0,60.0,62.0,56.0,51.0,83.0,68.0,45.0,29.9,29.88,29.78,10.0,10.0,10.0,17.0,2.0,18.0,0.0,3.0,329.0,0,0,1,0,0,0
97,11,91,2013,9,1,76.0,65.0,56.0,56.0,52.0,49.0,81.0,64.0,43.0,29.89,29.9,29.85,10.0,10.0,10.0,23.0,3.0,32.0,0.0,1.0,319.0,0,0,1,0,0,0
104,4,91,2013,9,2,84.0,66.0,52.0,58.0,51.0,46.0,81.0,62.0,36.0,29.91,29.89,29.8,10.0,10.0,10.0,11.0,2.0,15.0,0.0,0.0,346.0,0,0,1,0,0,0
107,13,91,2013,9,3,86.0,66.0,52.0,60.0,52.0,45.0,81.0,61.0,37.0,29.85,29.83,29.73,10.0,10.0,10.0,12.0,2.0,15.0,0.0,0.0,349.0,0,0,1,0,0,0
111,7,91,2013,9,4,78.0,65.0,52.0,60.0,54.0,46.0,81.0,68.0,54.0,29.87,29.86,29.78,10.0,10.0,10.0,16.0,2.0,18.0,0.0,3.0,354.0,0,0,1,0,0,0
118,1,91,2013,9,5,70.0,64.0,56.0,59.0,55.0,50.0,81.0,74.0,61.0,29.91,29.87,29.81,10.0,8.0,1.0,11.0,2.0,15.0,0.37,5.0,259.0,0,0,0,1,0,1
124,3,91,2013,9,6,74.0,61.0,50.0,56.0,51.0,46.0,87.0,70.0,46.0,30.01,29.99,29.9,10.0,10.0,10.0,16.0,4.0,21.0,0.0,1.0,330.0,0,0,1,0,0,1
126,21,91,2013,9,0,82.0,66.0,52.0,59.0,53.0,46.0,83.0,65.0,44.0,30.02,30.0,29.91,10.0,10.0,10.0,15.0,4.0,18.0,0.0,0.0,337.0,0,0,1,0,0,0
133,15,91,2013,9,1,77.0,65.0,32.0,54.0,51.0,15.0,80.0,63.0,41.0,30.0,29.98,29.92,10.0,10.0,10.0,17.0,5.0,28.0,0.0,0.0,303.0,0,0,1,0,0,0
136,19,91,2013,9,2,72.0,62.0,55.0,48.0,46.0,44.0,73.0,58.0,42.0,29.94,29.92,29.83,10.0,10.0,10.0,28.0,6.0,28.0,0.0,0.0,293.0,0,0,1,0,0,0
144,17,91,2013,9,3,76.0,60.0,47.0,45.0,42.0,39.0,76.0,54.0,29.0,29.98,29.93,29.84,10.0,10.0,10.0,15.0,3.0,17.0,0.0,0.0,321.0,0,0,1,0,0,0
147,15,91,2013,9,4,80.0,61.0,46.0,48.0,42.0,38.0,77.0,52.0,28.0,30.1,30.07,29.97,10.0,10.0,10.0,9.0,1.0,14.0,0.0,0.0,334.0,0,0,1,0,0,0
151,11,91,2013,9,5,81.0,63.0,47.0,54.0,46.0,37.0,71.0,56.0,28.0,30.09,30.07,29.97,10.0,10.0,10.0,11.0,2.0,15.0,0.0,0.0,334.0,0,0,1,0,0,1
158,9,91,2013,9,6,77.0,65.0,53.0,60.0,54.0,46.0,82.0,68.0,52.0,30.11,30.1,30.03,10.0,10.0,10.0,19.0,2.0,19.0,0.0,0.0,340.0,0,0,1,0,0,1
162,17,91,2013,9,0,76.0,66.0,57.0,61.0,56.0,44.0,83.0,72.0,55.0,30.08,30.05,29.95,10.0,10.0,10.0,13.0,2.0,19.0,0.0,2.0,348.0,0,0,1,0,0,0
169,17,91,2013,10,1,73.0,62.0,50.0,54.0,48.0,42.0,78.0,62.0,48.0,30.02,30.0,29.91,10.0,10.0,10.0,18.0,2.0,18.0,0.0,0.0,350.0,0,0,1,0,0,0
171,13,91,2013,10,2,75.0,61.0,50.0,55.0,48.0,42.0,82.0,64.0,41.0,30.01,29.99,29.92,10.0,10.0,10.0,16.0,2.0,16.0,0.0,0.0,341.0,0,0,1,0,0,0
176,13,91,2013,10,3,74.0,60.0,46.0,46.0,41.0,37.0,74.0,52.0,30.0,30.07,30.03,29.94,10.0,10.0,10.0,15.0,4.0,19.0,0.0,0.0,297.0,0,0,1,0,0,0
182,19,91,2013,10,4,81.0,68.0,54.0,42.0,38.0,34.0,50.0,34.0,21.0,30.09,30.06,29.96,10.0,10.0,10.0,18.0,3.0,23.0,0.0,0.0,6.0,0,0,1,0,0,0
187,16,91,2013,10,5,85.0,64.0,47.0,43.0,39.0,36.0,66.0,44.0,20.0,30.19,30.15,30.08,10.0,10.0,10.0,11.0,1.0,12.0,0.0,0.0,340.0,0,0,1,0,0,1
191,7,91,2013,10,6,84.0,64.0,47.0,52.0,42.0,35.0,65.0,48.0,25.0,30.12,30.08,29.98,10.0,10.0,10.0,8.0,1.0,12.0,0.0,0.0,321.0,0,0,1,0,0,1
198,10,91,2013,10,0,82.0,64.0,50.0,52.0,43.0,38.0,64.0,48.0,23.0,29.99,29.96,29.86,10.0,10.0,10.0,13.0,2.0,15.0,0.0,0.0,345.0,0,0,1,0,0,0
202,14,91,2013,10,1,75.0,60.0,48.0,54.0,46.0,40.0,75.0,60.0,39.0,29.91,29.85,29.72,10.0,10.0,10.0,13.0,2.0,114.0,0.0,0.0,354.0,0,0,1,0,0,0
206,14,91,2013,10,2,70.0,58.0,49.0,48.0,44.0,41.0,77.0,62.0,43.0,29.76,29.7,29.63,10.0,10.0,10.0,14.0,1.0,18.0,0.0,2.0,63.0,0,0,1,0,0,0
213,18,91,2013,10,3,72.0,58.0,48.0,51.0,45.0,39.0,75.0,63.0,46.0,30.02,29.92,29.76,10.0,10.0,10.0,14.0,2.0,17.0,0.0,0.0,348.0,0,0,1,0,0,0
216,18,91,2013,10,4,67.0,55.0,46.0,53.0,46.0,40.0,82.0,72.0,60.0,30.09,30.05,29.98,10.0,10.0,9.0,14.0,2.0,16.0,0.0,0.0,341.0,0,0,1,0,0,0
220,4,91,2013,10,5,68.0,57.0,47.0,54.0,46.0,41.0,84.0,69.0,46.0,30.02,29.99,29.9,10.0,9.0,4.0,28.0,2.0,114.0,0.0,2.0,344.0,0,0,1,0,0,1
227,6,91,2013,10,6,74.0,58.0,45.0,50.0,45.0,39.0,84.0,63.0,38.0,30.07,30.02,29.94,10.0,10.0,10.0,14.0,2.0,114.0,0.0,0.0,326.0,0,0,1,0,0,1
232,22,91,2013,10,0,79.0,60.0,44.0,47.0,42.0,37.0,79.0,55.0,29.0,30.12,30.08,29.97,10.0,10.0,10.0,28.0,3.0,28.0,0.0,0.0,318.0,0,0,1,0,0,0
237,13,91,2013,10,1,80.0,61.0,45.0,44.0,40.0,36.0,74.0,50.0,26.0,30.04,30.02,29.92,10.0,10.0,10.0,28.0,2.0,28.0,0.0,0.0,325.0,0,0,1,0,0,0
243,11,91,2013,10,2,82.0,62.0,46.0,46.0,41.0,35.0,69.0,48.0,27.0,30.08,30.06,29.99,10.0,10.0,10.0,28.0,2.0,28.0,0.0,0.0,334.0,0,0,1,0,0,0
247,9,91,2013,10,3,81.0,62.0,46.0,49.0,42.0,36.0,69.0,51.0,24.0,30.08,30.04,29.94,10.0,10.0,10.0,28.0,3.0,28.0,0.0,0.0,343.0,0,0,1,0,0,0
253,18,91,2013,10,4,77.0,60.0,46.0,55.0,46.0,37.0,81.0,62.0,38.0,30.06,30.03,29.96,10.0,10.0,10.0,28.0,2.0,28.0,0.0,0.0,337.0,0,0,1,0,0,0
257,9,91,2013,10,5,78.0,60.0,46.0,57.0,48.0,39.0,85.0,65.0,40.0,30.08,30.05,29.97,10.0,10.0,7.0,28.0,1.0,28.0,0.0,0.0,339.0,0,0,1,0,0,1
262,10,91,2013,10,6,71.0,58.0,49.0,56.0,48.0,42.0,84.0,71.0,53.0,30.03,30.0,29.9,10.0,7.0,1.0,14.0,1.0,28.0,0.0,4.0,323.0,0,0,1,0,0,1
267,16,91,2013,10,0,68.0,58.0,51.0,54.0,49.0,44.0,81.0,73.0,58.0,30.02,29.99,29.9,10.0,8.0,5.0,14.0,1.0,14.0,0.0,4.0,343.0,0,0,1,0,0,0
273,12,91,2013,10,1,69.0,57.0,49.0,56.0,49.0,43.0,84.0,75.0,60.0,30.03,30.0,29.91,10.0,8.0,4.0,14.0,1.0,28.0,0.0,4.0,329.0,0,0,1,0,0,0
276,14,91,2013,10,2,65.0,57.0,53.0,54.0,50.0,48.0,84.0,78.0,65.0,29.99,29.97,29.9,10.0,6.0,2.0,14.0,1.0,14.0,0.0,5.0,344.0,0,0,1,0,0,0
284,14,91,2013,10,3,62.0,55.0,48.0,50.0,47.0,42.0,82.0,77.0,65.0,30.12,30.07,29.99,10.0,9.0,5.0,7.0,1.0,14.0,0.0,5.0,347.0,0,0,1,0,0,0
287,16,91,2013,10,4,68.0,55.0,44.0,53.0,46.0,39.0,86.0,74.0,55.0,30.18,30.15,30.07,10.0,10.0,7.0,14.0,1.0,14.0,0.0,3.0,349.0,0,0,1,0,0,0
290,4,91,2013,10,5,75.0,57.0,44.0,57.0,47.0,39.0,87.0,71.0,48.0,30.16,30.11,30.01,10.0,10.0,5.0,8.0,1.0,14.0,0.0,0.0,332.0,0,0,1,0,0,1
298,1,91,2013,10,6,65.0,55.0,47.0,51.0,46.0,41.0,83.0,73.0,57.0,30.04,29.92,29.71,10.0,10.0,9.0,20.0,3.0,23.0,0.0,5.0,295.0,0,0,1,0,0,1
302,12,91,2013,10,0,66.0,57.0,52.0,47.0,45.0,43.0,74.0,65.0,47.0,29.87,29.76,29.69,10.0,10.0,10.0,22.0,4.0,26.0,0.0,5.0,283.0,0,0,1,0,0,0
306,13,91,2013,10,1,63.0,56.0,48.0,49.0,45.0,40.0,77.0,69.0,57.0,30.06,29.99,29.87,10.0,10.0,10.0,8.0,1.0,14.0,0.0,5.0,355.0,0,0,1,0,0,0
313,15,91,2013,10,2,67.0,53.0,42.0,50.0,43.0,36.0,84.0,69.0,49.0,30.15,30.12,30.06,10.0,10.0,10.0,14.0,2.0,114.0,0.0,0.0,346.0,0,0,1,0,0,0
318,11,91,2013,10,3,72.0,55.0,43.0,50.0,43.0,36.0,81.0,66.0,41.0,30.19,30.14,30.05,10.0,10.0,10.0,14.0,1.0,14.0,0.0,0.0,325.0,0,0,1,0,0,0
322,13,91,2013,11,4,75.0,57.0,43.0,49.0,43.0,37.0,82.0,63.0,36.0,30.14,30.09,30.0,10.0,10.0,10.0,14.0,1.0,28.0,0.0,0.0,337.0,0,0,1,0,0,0
327,2,91,2013,11,5,68.0,54.0,44.0,54.0,45.0,37.0,84.0,71.0,58.0,30.03,30.0,29.92,10.0,10.0,10.0,14.0,1.0,14.0,0.0,0.0,338.0,0,0,1,0,0,1
333,8,91,2013,11,6,64.0,53.0,42.0,44.0,38.0,35.0,83.0,61.0,34.0,30.05,30.0,29.92,10.0,10.0,10.0,18.0,2.0,18.0,0.0,0.0,305.0,0,0,1,0,0,1
338,19,91,2013,11,0,66.0,52.0,40.0,42.0,36.0,32.0,80.0,55.0,32.0,30.07,30.01,29.92,10.0,10.0,10.0,13.0,2.0,14.0,0.0,0.0,292.0,0,0,1,0,0,0
342,11,91,2013,11,1,73.0,56.0,42.0,43.0,37.0,32.0,71.0,51.0,30.0,30.22,30.17,30.07,10.0,10.0,5.0,9.0,1.0,14.0,0.0,0.0,316.0,0,0,1,0,0,0
344,20,91,2013,11,2,72.0,56.0,43.0,45.0,40.0,34.0,72.0,56.0,33.0,30.25,30.22,30.15,10.0,10.0,10.0,5.0,1.0,14.0,0.0,0.0,339.0,0,0,1,0,0,0
352,19,91,2013,11,3,72.0,57.0,47.0,49.0,44.0,38.0,75.0,61.0,35.0,30.17,30.14,30.07,10.0,10.0,8.0,12.0,1.0,12.0,0.0,0.0,2.0,0,0,1,0,0,0
356,28,91,2013,11,4,69.0,56.0,46.0,54.0,46.0,40.0,85.0,72.0,54.0,30.09,30.06,29.95,10.0,8.0,2.0,14.0,1.0,14.0,0.0,3.0,352.0,0,0,1,0,0,0
361,2,91,2013,11,5,70.0,55.0,44.0,52.0,45.0,38.0,85.0,70.0,50.0,30.04,30.02,29.95,10.0,10.0,10.0,14.0,1.0,14.0,0.0,0.0,349.0,0,0,1,0,0,1
367,7,91,2013,11,6,64.0,54.0,44.0,51.0,46.0,38.0,84.0,75.0,61.0,30.13,30.11,30.03,10.0,9.0,5.0,14.0,1.0,14.0,0.0,3.0,9.0,0,0,1,0,0,1
371,17,91,2013,11,0,66.0,58.0,52.0,52.0,49.0,46.0,81.0,73.0,56.0,30.16,30.14,30.07,9.0,7.0,4.0,5.0,1.0,14.0,0.0,3.0,29.0,0,0,1,0,0,0
376,14,91,2013,11,1,71.0,60.0,50.0,53.0,48.0,42.0,78.0,67.0,48.0,30.26,30.25,30.15,10.0,10.0,9.0,14.0,1.0,14.0,0.0,0.0,328.0,0,0,1,0,0,0
380,22,91,2013,11,2,74.0,56.0,46.0,56.0,47.0,40.0,83.0,72.0,48.0,30.26,30.19,30.11,10.0,10.0,10.0,14.0,1.0,14.0,0.0,1.0,335.0,0,0,1,0,0,0
386,23,91,2013,11,3,63.0,56.0,50.0,53.0,49.0,44.0,84.0,77.0,69.0,30.12,30.04,29.9,10.0,8.0,5.0,14.0,1.0,14.0,0.0,4.0,360.0,0,0,1,0,0,0
391,14,91,2013,11,4,66.0,53.0,43.0,47.0,42.0,38.0,84.0,69.0,43.0,29.9,29.83,29.72,10.0,10.0,10.0,14.0,2.0,15.0,0.0,0.0,355.0,0,0,1,0,0,0
395,1,91,2013,11,5,64.0,52.0,43.0,48.0,42.0,36.0,82.0,70.0,52.0,29.93,29.88,29.78,10.0,10.0,10.0,14.0,2.0,16.0,0.0,0.0,180.0,0,0,1,0,0,1
402,5,91,2013,11,6,62.0,51.0,42.0,48.0,43.0,37.0,85.0,73.0,57.0,30.09,30.05,29.93,10.0,10.0,10.0,14.0,1.0,14.0,0.0,0.0,21.0,0,0,1,0,0,1
407,18,91,2013,11,0,60.0,51.0,42.0,48.0,43.0,37.0,84.0,74.0,62.0,30.15,30.13,30.08,10.0,10.0,10.0,14.0,1.0,14.0,0.0,0.0,4.0,0,0,1,0,0,0
410,11,91,2013,11,1,65.0,56.0,48.0,53.0,49.0,42.0,85.0,76.0,61.0,30.11,30.05,29.94,10.0,10.0,8.0,28.0,2.0,28.0,0.27,6.0,138.0,0,0,0,1,0,0
415,19,91,2013,11,2,64.0,57.0,52.0,57.0,52.0,47.0,88.0,85.0,78.0,29.95,29.91,29.84,10.0,9.0,1.0,86.0,4.0,114.0,0.22,7.0,2.0,0,0,0,1,0,0
420,21,91,2013,11,3,61.0,54.0,46.0,49.0,40.0,32.0,86.0,63.0,36.0,29.99,29.96,29.9,10.0,10.0,6.0,14.0,3.0,114.0,0.0,5.0,326.0,0,0,1,0,0,0
425,14,91,2013,11,4,67.0,52.0,40.0,35.0,32.0,28.0,68.0,50.0,26.0,30.04,29.99,29.89,10.0,10.0,10.0,6.0,1.0,7.0,0.0,0.0,315.0,0,0,1,0,0,0
430,5,91,2013,11,5,64.0,51.0,40.0,40.0,36.0,32.0,73.0,59.0,36.0,30.11,30.05,29.96,10.0,10.0,10.0,6.0,1.0,14.0,0.0,0.0,325.0,0,0,1,0,0,1
433,1,91,2013,11,6,64.0,49.0,39.0,46.0,38.0,32.0,80.0,67.0,44.0,30.25,30.2,30.11,10.0,10.0,10.0,14.0,1.0,14.0,0.0,0.0,343.0,0,0,1,0,0,1
439,20,91,2013,11,0,64.0,49.0,38.0,46.0,39.0,32.0,83.0,69.0,48.0,30.32,30.29,30.24,10.0,10.0,7.0,14.0,1.0,14.0,0.0,0.0,339.0,0,0,1,0,0,0
444,26,91,2013,11,1,63.0,51.0,42.0,49.0,41.0,35.0,83.0,70.0,54.0,30.26,30.17,30.03,10.0,10.0,8.0,14.0,0.0,14.0,0.0,0.0,342.0,0,0,1,0,0,0
447,15,91,2013,11,2,64.0,52.0,41.0,48.0,43.0,35.0,83.0,71.0,54.0,30.03,29.93,29.83,10.0,8.0,5.0,14.0,1.0,14.0,0.0,0.0,338.0,0,0,1,0,0,0
452,6,91,2013,11,3,67.0,54.0,45.0,48.0,43.0,39.0,82.0,69.0,46.0,30.08,29.98,29.86,10.0,8.0,6.0,14.0,2.0,14.0,0.0,0.0,338.0,0,0,1,0,0,0
458,3,91,2013,11,4,67.0,52.0,41.0,48.0,41.0,35.0,82.0,68.0,45.0,30.22,30.16,30.08,10.0,10.0,10.0,14.0,1.0,14.0,0.0,0.0,328.0,0,0,1,0,0,0
463,2,91,2013,11,5,64.0,51.0,41.0,51.0,42.0,34.0,83.0,72.0,54.0,30.27,30.26,30.18,10.0,10.0,8.0,14.0,1.0,14.0,0.0,0.0,340.0,0,0,1,0,0,1
464,10,91,2013,12,6,65.0,51.0,41.0,50.0,42.0,35.0,84.0,71.0,52.0,30.34,30.29,30.21,10.0,10.0,8.0,14.0,1.0,14.0,0.0,0.0,336.0,0,0,1,0,0,1
470,23,91,2013,12,0,62.0,50.0,40.0,51.0,43.0,34.0,87.0,77.0,66.0,30.24,30.13,29.98,10.0,10.0,6.0,14.0,1.0,14.0,0.0,2.0,320.0,0,0,1,0,0,0
475,22,91,2013,12,1,56.0,50.0,39.0,48.0,39.0,30.0,82.0,65.0,49.0,29.98,29.94,29.85,10.0,10.0,10.0,17.0,4.0,19.0,0.0,3.0,298.0,0,0,1,0,0,0
482,21,91,2013,12,2,52.0,41.0,32.0,30.0,27.0,24.0,74.0,59.0,36.0,30.09,30.05,29.94,10.0,10.0,10.0,14.0,2.0,14.0,0.0,0.0,303.0,0,0,1,0,0,0
486,15,91,2013,12,3,51.0,38.0,28.0,26.0,22.0,20.0,72.0,55.0,32.0,30.17,30.15,30.08,10.0,10.0,10.0,14.0,1.0,28.0,0.0,0.0,341.0,0,0,1,0,0,0
490,6,91,2013,12,4,57.0,44.0,34.0,44.0,32.0,22.0,80.0,63.0,45.0,30.19,30.13,29.92,10.0,10.0,5.0,16.0,2.0,16.0,0.08,4.0,167.0,0,0,0,1,0,0
497,4,91,2013,12,5,50.0,45.0,34.0,44.0,32.0,25.0,80.0,62.0,42.0,30.24,30.13,29.92,10.0,10.0,10.0,20.0,5.0,26.0,0.08,3.0,294.0,0,0,0,1,0,1
501,8,91,2013,12,6,46.0,38.0,31.0,29.0,24.0,21.0,76.0,59.0,42.0,30.33,30.29,30.22,10.0,10.0,10.0,14.0,2.0,14.0,0.0,0.0,349.0,0,0,1,0,0,1
502,23,91,2013,12,0,50.0,38.0,29.0,26.0,22.0,18.0,65.0,52.0,35.0,30.41,30.39,30.31,10.0,10.0,10.0,14.0,1.0,14.0,0.0,0.0,5.0,0,0,1,0,0,0
510,21,91,2013,12,1,52.0,38.0,28.0,32.0,26.0,20.0,74.0,62.0,45.0,30.4,30.31,30.2,10.0,10.0,10.0,14.0,1.0,14.0,0.0,0.0,328.0,0,0,1,0,0,0
513,21,91,2013,12,2,55.0,42.0,31.0,35.0,29.0,23.0,76.0,61.0,42.0,30.25,30.22,30.17,10.0,10.0,10.0,14.0,1.0,14.0,0.0,0.0,343.0,0,0,1,0,0,0
517,19,91,2013,12,3,57.0,42.0,31.0,36.0,30.0,23.0,76.0,63.0,42.0,30.26,30.24,30.15,10.0,9.0,7.0,14.0,1.0,114.0,0.0,0.0,324.0,0,0,1,0,0,0
523,13,91,2013,12,4,58.0,44.0,34.0,42.0,34.0,26.0,77.0,67.0,49.0,30.34,30.3,30.23,10.0,9.0,8.0,14.0,1.0,14.0,0.0,2.0,314.0,0,0,1,0,0,0
526,2,91,2013,12,5,60.0,45.0,34.0,40.0,33.0,27.0,80.0,65.0,46.0,30.41,30.36,30.3,10.0,10.0,10.0,14.0,1.0,14.0,0.0,0.0,351.0,0,0,1,0,0,1
531,5,91,2013,12,6,59.0,45.0,34.0,41.0,34.0,27.0,79.0,66.0,47.0,30.37,30.31,30.23,10.0,9.0,7.0,14.0,1.0,114.0,0.0,0.0,356.0,0,0,1,0,0,1
537,20,91,2013,12,0,63.0,48.0,37.0,42.0,36.0,30.0,79.0,63.0,43.0,30.24,30.19,30.1,10.0,9.0,7.0,14.0,1.0,14.0,0.0,0.0,65.0,0,0,1,0,0,0
542,13,91,2013,12,1,63.0,50.0,39.0,42.0,37.0,31.0,78.0,63.0,44.0,30.17,30.12,30.03,10.0,6.0,3.0,14.0,1.0,28.0,0.0,0.0,346.0,0,0,1,0,0,0
549,17,91,2013,12,2,59.0,50.0,43.0,46.0,41.0,35.0,77.0,72.0,57.0,30.03,29.93,29.8,10.0,8.0,6.0,14.0,1.0,14.0,0.0,0.0,324.0,0,0,1,0,0,0
552,22,91,2013,12,3,58.0,48.0,41.0,40.0,36.0,28.0,80.0,64.0,45.0,29.93,29.84,29.74,10.0,10.0,10.0,17.0,3.0,17.0,0.0,1.0,287.0,0,0,1,0,0,0
558,14,91,2013,12,4,60.0,46.0,34.0,28.0,26.0,21.0,67.0,47.0,22.0,30.01,30.0,29.92,10.0,10.0,10.0,14.0,1.0,14.0,0.0,0.0,340.0,0,0,1,0,0,0
561,2,91,2013,12,5,60.0,47.0,37.0,47.0,36.0,26.0,76.0,66.0,54.0,30.08,30.04,29.96,10.0,10.0,10.0,14.0,2.0,14.0,0.0,0.0,358.0,0,0,1,0,0,1
566,1,91,2013,12,6,65.0,50.0,38.0,45.0,37.0,32.0,85.0,65.0,40.0,30.28,30.21,30.08,10.0,8.0,0.0,14.0,1.0,14.0,0.0,1.0,316.0,0,0,1,0,0,1
571,11,91,2013,12,0,62.0,48.0,39.0,44.0,37.0,31.0,79.0,67.0,50.0,30.38,30.36,30.28,10.0,10.0,7.0,14.0,1.0,114.0,0.0,0.0,329.0,0,0,1,0,0,0
573,1,91,2013,12,1,68.0,50.0,38.0,46.0,38.0,32.0,80.0,65.0,43.0,30.34,30.28,30.19,10.0,9.0,7.0,14.0,1.0,14.0,0.0,0.0,292.0,0,0,1,0,0,0
580,14,91,2013,12,2,63.0,48.0,36.0,44.0,36.0,29.0,80.0,66.0,48.0,30.3,30.26,30.18,10.0,10.0,10.0,14.0,1.0,14.0,0.0,0.0,314.0,0,0,1,0,0,0
584,10,91,2013,12,3,66.0,49.0,36.0,45.0,37.0,29.0,80.0,66.0,43.0,30.26,30.23,30.14,10.0,10.0,8.0,14.0,1.0,14.0,0.0,0.0,335.0,0,0,1,0,0,0
587,3,91,2013,12,4,59.0,46.0,36.0,44.0,37.0,29.0,79.0,69.0,54.0,30.23,30.2,30.11,10.0,8.0,5.0,14.0,1.0,14.0,0.0,0.0,350.0,0,0,1,0,0,0
594,4,91,2013,12,5,64.0,47.0,35.0,41.0,34.0,29.0,83.0,62.0,38.0,30.15,30.11,30.02,10.0,9.0,6.0,14.0,2.0,14.0,0.0,0.0,331.0,0,0,1,0,0,1
601,11,91,2013,12,0,63.0,47.0,35.0,39.0,32.0,26.0,72.0,59.0,38.0,30.25,30.24,30.17,10.0,10.0,8.0,14.0,1.0,14.0,0.0,0.0,343.0,0,0,1,0,0,0
604,2,117,2013,12,1,58.0,46.0,38.0,43.0,36.0,29.0,81.0,70.0,54.0,30.28,30.24,30.14,10.0,4.0,0.0,14.0,1.0,14.0,0.0,4.0,317.0,1,0,0,0,0,0
610,4,117,2014,1,2,59.0,46.0,34.0,44.0,36.0,28.0,80.0,69.0,53.0,30.22,30.19,30.11,10.0,8.0,6.0,14.0,2.0,14.0,0.0,0.0,348.0,0,0,1,0,0,0
614,19,117,2014,1,3,64.0,48.0,37.0,43.0,36.0,30.0,81.0,64.0,41.0,30.17,30.13,30.04,10.0,10.0,8.0,14.0,1.0,14.0,0.0,0.0,352.0,0,0,1,0,0,0
621,18,117,2014,1,4,62.0,49.0,39.0,43.0,37.0,31.0,76.0,65.0,44.0,30.07,30.03,29.95,10.0,10.0,8.0,14.0,1.0,14.0,0.0,0.0,359.0,0,0,1,0,0,0
626,3,117,2014,1,5,64.0,49.0,39.0,46.0,36.0,28.0,84.0,63.0,40.0,30.08,30.04,29.97,10.0,10.0,7.0,14.0,1.0,14.0,0.0,0.0,298.0,0,0,1,0,0,1
629,14,117,2014,1,6,64.0,47.0,34.0,39.0,31.0,24.0,68.0,55.0,37.0,30.21,30.17,30.07,10.0,10.0,10.0,14.0,2.0,28.0,0.0,0.0,343.0,0,0,1,0,0,1
635,18,117,2014,1,0,60.0,48.0,38.0,42.0,36.0,29.0,74.0,64.0,48.0,30.29,30.23,30.15,10.0,10.0,9.0,14.0,1.0,14.0,0.0,0.0,355.0,0,0,1,0,0,0
638,36,117,2014,1,1,61.0,50.0,43.0,46.0,40.0,35.0,76.0,68.0,52.0,30.22,30.19,30.12,10.0,9.0,6.0,14.0,1.0,14.0,0.0,2.0,334.0,0,0,1,0,0,0
644,18,117,2014,1,2,59.0,52.0,45.0,49.0,45.0,38.0,84.0,77.0,71.0,30.23,30.22,30.15,10.0,8.0,2.0,14.0,2.0,14.0,0.0,3.0,348.0,0,0,1,0,0,0
646,21,117,2014,1,3,60.0,50.0,44.0,50.0,42.0,38.0,86.0,76.0,58.0,30.27,30.25,30.18,10.0,9.0,2.0,14.0,2.0,114.0,0.0,3.0,258.0,0,0,1,0,0,0
653,20,117,2014,1,4,63.0,49.0,40.0,50.0,41.0,34.0,86.0,74.0,57.0,30.31,30.26,30.17,10.0,10.0,8.0,14.0,1.0,14.0,0.0,2.0,350.0,0,0,1,0,0,0
658,5,117,2014,1,5,59.0,49.0,43.0,50.0,42.0,37.0,86.0,77.0,69.0,30.29,30.24,30.15,10.0,10.0,8.0,20.0,1.0,20.0,0.0,3.0,261.0,0,0,1,0,0,1
661,2,117,2014,1,6,59.0,48.0,41.0,45.0,39.0,34.0,84.0,71.0,53.0,30.4,30.34,30.27,10.0,10.0,9.0,15.0,3.0,15.0,0.0,2.0,293.0,0,0,1,0,0,1
666,26,117,2014,1,0,67.0,51.0,41.0,43.0,36.0,32.0,76.0,59.0,38.0,30.46,30.41,30.34,10.0,10.0,10.0,14.0,6.0,14.0,0.0,0.0,320.0,0,0,1,0,0,0
670,27,117,2014,1,1,71.0,54.0,41.0,38.0,33.0,29.0,71.0,49.0,25.0,30.45,30.39,30.31,10.0,10.0,10.0,14.0,6.0,28.0,0.0,0.0,322.0,0,0,1,0,0,0
676,23,117,2014,1,2,70.0,52.0,40.0,41.0,34.0,29.0,69.0,51.0,33.0,30.34,30.28,30.19,10.0,10.0,8.0,28.0,4.0,28.0,0.0,0.0,320.0,0,0,1,0,0,0
681,31,117,2014,1,3,70.0,52.0,38.0,42.0,34.0,28.0,70.0,53.0,33.0,30.23,30.19,30.1,10.0,10.0,10.0,28.0,4.0,28.0,0.0,0.0,332.0,0,0,1,0,0,0
687,13,117,2014,1,4,68.0,50.0,37.0,44.0,35.0,27.0,74.0,58.0,38.0,30.19,30.16,30.09,10.0,9.0,7.0,28.0,6.0,28.0,0.0,0.0,360.0,0,0,1,0,0,0
690,3,117,2014,1,5,69.0,49.0,36.0,43.0,34.0,28.0,73.0,57.0,34.0,30.17,30.13,30.05,10.0,10.0,8.0,14.0,4.0,28.0,0.0,0.0,327.0,0,0,1,0,0,1
697,9,117,2014,1,6,68.0,48.0,35.0,43.0,34.0,26.0,72.0,58.0,33.0,30.14,30.11,30.04,10.0,10.0,7.0,14.0,5.0,28.0,0.0,0.0,340.0,0,0,1,0,0,1
701,9,117,2014,1,0,69.0,50.0,36.0,40.0,34.0,28.0,77.0,57.0,32.0,30.22,30.18,30.11,10.0,10.0,8.0,14.0,4.0,28.0,0.0,0.0,352.0,0,0,1,0,0,0
708,20,117,2014,1,1,68.0,49.0,36.0,42.0,34.0,27.0,74.0,57.0,34.0,30.27,30.23,30.15,10.0,10.0,10.0,14.0,5.0,14.0,0.0,0.0,357.0,0,0,1,0,0,0
711,21,117,2014,1,2,71.0,50.0,36.0,44.0,34.0,26.0,70.0,56.0,26.0,30.17,30.06,29.92,10.0,10.0,9.0,14.0,5.0,14.0,0.0,0.0,346.0,0,0,1,0,0,0
716,17,117,2014,1,3,66.0,51.0,38.0,39.0,34.0,30.0,78.0,55.0,34.0,30.01,29.94,29.85,10.0,9.0,6.0,14.0,5.0,14.0,0.0,0.0,336.0,0,0,1,0,0,0
721,25,117,2014,1,4,64.0,50.0,39.0,44.0,37.0,30.0,75.0,61.0,45.0,30.27,30.18,30.0,10.0,7.0,2.0,14.0,6.0,28.0,0.0,0.0,350.0,0,0,1,0,0,0
727,9,117,2014,1,5,72.0,54.0,43.0,45.0,38.0,33.0,76.0,57.0,31.0,30.27,30.21,30.11,10.0,10.0,7.0,14.0,3.0,28.0,0.0,0.0,343.0,0,0,1,0,0,1
728,8,117,2014,1,6,70.0,54.0,44.0,45.0,39.0,32.0,75.0,59.0,37.0,30.13,30.11,30.01,10.0,10.0,9.0,14.0,3.0,14.0,0.0,0.0,333.0,0,0,1,0,0,1
736,20,117,2014,1,0,62.0,53.0,47.0,48.0,45.0,40.0,83.0,74.0,58.0,30.2,30.16,30.08,10.0,5.0,0.0,14.0,3.0,14.0,0.0,3.0,264.0,0,0,1,0,0,0
739,20,117,2014,1,1,66.0,57.0,48.0,56.0,50.0,42.0,82.0,76.0,66.0,30.26,30.23,30.17,10.0,10.0,6.0,14.0,4.0,14.0,0.0,4.0,347.0,0,0,1,0,0,0
743,20,117,2014,1,2,68.0,60.0,56.0,58.0,54.0,48.0,86.0,80.0,69.0,30.21,30.13,29.98,10.0,9.0,4.0,14.0,2.0,14.0,0.0,3.0,356.0,0,0,1,0,0,0
749,21,117,2014,1,3,64.0,56.0,52.0,49.0,46.0,42.0,82.0,70.0,51.0,29.98,29.93,29.85,10.0,10.0,7.0,14.0,3.0,14.0,0.04,5.0,299.0,0,0,0,1,0,0
754,19,117,2014,1,4,61.0,51.0,42.0,45.0,38.0,33.0,82.0,63.0,37.0,30.09,30.05,29.91,10.0,10.0,10.0,15.0,6.0,19.0,0.0,2.0,322.0,0,0,1,0,0,0
760,17,117,2014,2,5,60.0,47.0,36.0,39.0,34.0,29.0,78.0,61.0,38.0,30.17,30.14,30.08,10.0,10.0,10.0,14.0,6.0,114.0,0.0,0.0,333.0,0,0,1,0,0,1
761,5,117,2014,2,6,54.0,48.0,43.0,43.0,39.0,34.0,79.0,71.0,64.0,30.08,29.95,29.84,10.0,10.0,7.0,23.0,7.0,114.0,0.08,5.0,149.0,0,0,0,1,0,1
766,27,117,2014,2,0,57.0,48.0,41.0,43.0,38.0,33.0,80.0,70.0,52.0,30.08,30.06,29.98,10.0,10.0,10.0,16.0,3.0,18.0,0.0,2.0,315.0,0,0,1,0,0,0
772,23,117,2014,2,1,56.0,46.0,38.0,41.0,36.0,31.0,79.0,68.0,55.0,30.17,30.14,30.07,10.0,10.0,10.0,14.0,2.0,14.0,0.0,0.0,332.0,0,0,1,0,0,0
778,22,117,2014,2,2,58.0,47.0,36.0,42.0,37.0,29.0,80.0,69.0,55.0,30.21,30.17,30.06,10.0,10.0,10.0,14.0,3.0,14.0,0.0,4.0,43.0,0,0,1,0,0,0
782,21,117,2014,2,3,56.0,51.0,46.0,47.0,44.0,41.0,84.0,78.0,70.0,30.06,29.98,29.88,10.0,10.0,7.0,21.0,5.0,86.0,0.45,8.0,131.0,0,0,0,1,0,0
783,17,117,2014,2,4,55.0,53.0,49.0,49.0,46.0,44.0,84.0,80.0,76.0,30.09,30.07,29.98,10.0,10.0,10.0,20.0,5.0,24.0,0.04,6.0,140.0,0,0,0,1,0,0
789,9,117,2014,2,5,65.0,59.0,54.0,56.0,51.0,48.0,85.0,76.0,69.0,30.16,30.14,30.06,10.0,10.0,10.0,20.0,7.0,25.0,0.04,7.0,148.0,0,0,0,1,0,1
792,6,117,2014,2,6,67.0,60.0,58.0,55.0,53.0,51.0,80.0,76.0,62.0,30.17,30.14,30.07,10.0,10.0,9.0,14.0,4.0,16.0,0.02,7.0,156.0,0,0,0,1,0,1
796,25,117,2014,2,0,61.0,56.0,51.0,53.0,50.0,46.0,85.0,79.0,70.0,30.28,30.24,30.11,10.0,9.0,2.0,14.0,2.0,14.0,0.0,6.0,340.0,0,0,1,0,0,0
801,16,117,2014,2,1,62.0,54.0,48.0,50.0,47.0,42.0,86.0,77.0,64.0,30.25,30.24,30.16,10.0,7.0,0.0,10.0,1.0,14.0,0.0,4.0,328.0,1,0,0,0,0,0
806,28,117,2014,2,2,63.0,54.0,47.0,50.0,46.0,42.0,82.0,75.0,62.0,30.29,30.25,30.17,10.0,9.0,5.0,14.0,2.0,14.0,0.0,3.0,335.0,0,0,1,0,0,0
811,28,117,2014,2,3,70.0,58.0,48.0,58.0,50.0,43.0,86.0,77.0,62.0,30.22,30.18,30.09,10.0,8.0,0.0,114.0,2.0,114.0,0.0,3.0,351.0,1,0,0,0,0,0
816,22,117,2014,2,4,64.0,58.0,50.0,55.0,51.0,44.0,88.0,78.0,64.0,30.17,30.14,30.06,10.0,8.0,2.0,14.0,2.0,15.0,0.0,7.0,327.0,0,0,1,0,0,0
821,5,117,2014,2,5,62.0,55.0,47.0,53.0,48.0,42.0,86.0,78.0,71.0,30.06,30.04,29.96,10.0,10.0,10.0,14.0,1.0,14.0,0.0,2.0,132.0,0,0,1,0,0,1
827,1,117,2014,2,6,64.0,56.0,47.0,51.0,42.0,36.0,83.0,63.0,40.0,30.21,30.14,30.04,10.0,10.0,4.0,14.0,4.0,14.0,0.02,2.0,311.0,0,0,0,1,0,1
829,11,117,2014,2,0,62.0,50.0,40.0,45.0,40.0,33.0,82.0,67.0,52.0,30.18,30.17,30.1,10.0,10.0,10.0,14.0,5.0,15.0,0.0,0.0,334.0,0,0,1,0,0,0
834,31,117,2014,2,1,66.0,53.0,42.0,49.0,43.0,36.0,84.0,69.0,49.0,30.2,30.17,30.09,10.0,10.0,10.0,14.0,5.0,16.0,0.0,0.0,348.0,0,0,1,0,0,0
840,23,117,2014,2,2,67.0,56.0,48.0,48.0,44.0,39.0,83.0,66.0,45.0,30.21,30.17,30.09,10.0,10.0,4.0,114.0,6.0,114.0,0.02,3.0,315.0,0,0,0,1,0,0
844,21,117,2014,2,3,69.0,54.0,42.0,45.0,39.0,35.0,80.0,60.0,36.0,30.2,30.18,30.1,10.0,10.0,10.0,14.0,4.0,14.0,0.0,0.0,310.0,0,0,1,0,0,0
849,31,117,2014,2,4,73.0,55.0,41.0,47.0,41.0,34.0,80.0,60.0,33.0,30.12,30.07,29.97,10.0,10.0,10.0,14.0,2.0,14.0,0.0,0.0,342.0,0,0,1,0,0,0
854,10,117,2014,2,5,71.0,55.0,43.0,50.0,43.0,35.0,81.0,66.0,39.0,30.02,30.0,29.9,10.0,10.0,10.0,14.0,2.0,14.0,0.0,0.0,338.0,0,0,1,0,0,1
859,26,117,2014,2,6,70.0,56.0,46.0,52.0,45.0,40.0,80.0,70.0,45.0,30.03,30.01,29.93,10.0,9.0,7.0,14.0,2.0,14.0,0.0,3.0,337.0,0,0,1,0,0,1
863,33,117,2014,2,0,75.0,57.0,42.0,51.0,44.0,35.0,85.0,64.0,36.0,30.0,29.97,29.87,10.0,10.0,10.0,14.0,3.0,14.0,0.0,0.0,344.0,0,0,1,0,0,0
868,29,117,2014,2,1,66.0,56.0,47.0,51.0,46.0,40.0,80.0,70.0,58.0,29.98,29.96,29.88,10.0,9.0,7.0,14.0,4.0,17.0,0.0,2.0,44.0,0,0,1,0,0,0
871,7,117,2014,2,2,62.0,56.0,53.0,53.0,50.0,45.0,86.0,78.0,69.0,29.95,29.85,29.67,10.0,8.0,2.0,28.0,8.0,86.0,0.78,7.0,133.0,0,0,0,1,0,0
877,18,117,2014,2,3,69.0,60.0,52.0,52.0,48.0,45.0,84.0,67.0,49.0,29.89,29.8,29.49,10.0,10.0,8.0,28.0,10.0,28.0,0.02,3.0,153.0,0,0,0,1,0,0
883,17,117,2014,2,4,62.0,56.0,53.0,52.0,49.0,45.0,85.0,77.0,57.0,29.5,29.44,29.36,10.0,8.0,2.0,20.0,6.0,86.0,0.88,7.0,143.0,0,0,0,1,0,0
888,2,117,2014,3,5,67.0,60.0,53.0,51.0,49.0,46.0,89.0,69.0,48.0,29.83,29.64,29.48,10.0,10.0,10.0,25.0,10.0,33.0,0.21,6.0,136.0,0,0,0,1,0,1
892,17,117,2014,3,6,63.0,58.0,52.0,54.0,50.0,46.0,86.0,71.0,56.0,30.19,30.03,29.84,10.0,9.0,2.0,17.0,6.0,23.0,0.03,5.0,179.0,0,0,0,1,0,1
896,40,117,2014,3,0,63.0,56.0,49.0,52.0,49.0,47.0,89.0,75.0,60.0,30.18,30.13,30.05,10.0,10.0,9.0,20.0,5.0,29.0,0.14,6.0,136.0,0,0,0,1,0,0
903,35,117,2014,3,1,67.0,61.0,54.0,55.0,53.0,50.0,86.0,75.0,63.0,30.13,30.09,30.06,10.0,10.0,10.0,16.0,4.0,22.0,0.0,3.0,35.0,0,0,1,0,0,0
905,29,117,2014,3,2,71.0,63.0,54.0,56.0,54.0,47.0,93.0,69.0,45.0,30.12,30.08,30.01,10.0,10.0,10.0,14.0,5.0,20.0,0.0,5.0,125.0,0,0,0,1,0,0
911,37,117,2014,3,3,66.0,60.0,53.0,57.0,52.0,48.0,93.0,75.0,56.0,30.22,30.16,30.08,10.0,10.0,9.0,15.0,5.0,18.0,0.01,3.0,320.0,0,0,0,1,0,0
917,30,117,2014,3,4,69.0,59.0,49.0,51.0,46.0,43.0,86.0,64.0,42.0,30.2,30.17,30.11,10.0,10.0,10.0,16.0,5.0,18.0,0.0,0.0,317.0,0,0,1,0,0,0
919,7,117,2014,3,5,73.0,60.0,47.0,53.0,47.0,42.0,89.0,61.0,33.0,30.22,30.17,30.13,10.0,10.0,10.0,10.0,2.0,13.0,0.0,0.0,330.0,0,0,1,0,0,1
926,12,117,2014,3,6,76.0,67.0,57.0,53.0,50.0,42.0,72.0,55.0,38.0,30.19,30.14,30.09,10.0,10.0,10.0,12.0,3.0,14.0,0.0,0.0,315.0,0,0,1,0,0,1
930,28,117,2014,3,0,69.0,61.0,53.0,54.0,48.0,44.0,86.0,63.0,40.0,30.26,30.18,30.12,10.0,10.0,4.0,15.0,7.0,21.0,0.01,2.0,308.0,0,0,0,1,0,0
935,30,117,2014,3,1,71.0,62.0,52.0,44.0,33.0,23.0,66.0,44.0,21.0,30.21,30.11,30.04,10.0,10.0,10.0,22.0,10.0,29.0,0.0,0.0,16.0,0,0,1,0,0,0
942,23,117,2014,3,2,77.0,67.0,56.0,36.0,29.0,20.0,40.0,28.0,16.0,30.11,30.05,30.0,10.0,10.0,10.0,20.0,9.0,29.0,0.0,0.0,22.0,0,0,1,0,0,0
945,26,117,2014,3,3,78.0,63.0,48.0,49.0,38.0,22.0,80.0,46.0,12.0,30.09,30.04,29.99,10.0,10.0,10.0,17.0,3.0,22.0,0.0,0.0,344.0,0,0,1,0,0,0
951,24,117,2014,3,4,70.0,59.0,48.0,53.0,47.0,41.0,83.0,62.0,40.0,30.24,30.17,30.09,10.0,10.0,10.0,14.0,4.0,17.0,0.0,0.0,350.0,0,0,1,0,0,0
956,7,117,2014,3,5,79.0,64.0,49.0,53.0,48.0,41.0,86.0,57.0,28.0,30.32,30.28,30.24,10.0,10.0,10.0,15.0,4.0,17.0,0.0,0.0,328.0,0,0,1,0,0,1
961,5,117,2014,3,6,76.0,63.0,50.0,53.0,48.0,41.0,83.0,56.0,29.0,30.33,30.28,30.2,10.0,10.0,10.0,21.0,5.0,29.0,0.0,0.0,349.0,0,0,1,0,0,1
966,29,117,2014,3,0,69.0,61.0,52.0,48.0,45.0,41.0,77.0,57.0,37.0,30.28,30.12,29.99,10.0,10.0,10.0,15.0,6.0,20.0,0.0,3.0,309.0,0,0,1,0,0,0
973,29,117,2014,3,1,72.0,60.0,47.0,44.0,34.0,25.0,77.0,48.0,19.0,30.0,29.96,29.91,10.0,10.0,10.0,14.0,4.0,17.0,0.0,0.0,330.0,0,0,1,0,0,0
977,21,117,2014,3,2,75.0,61.0,46.0,46.0,37.0,32.0,62.0,43.0,23.0,30.1,30.05,29.99,10.0,10.0,10.0,13.0,3.0,16.0,0.0,0.0,348.0,0,0,1,0,0,0
981,31,117,2014,3,3,73.0,62.0,51.0,51.0,43.0,38.0,69.0,50.0,31.0,30.08,30.02,29.96,10.0,10.0,10.0,17.0,6.0,18.0,0.0,0.0,352.0,0,0,1,0,0,0
985,17,117,2014,3,4,68.0,58.0,48.0,50.0,46.0,41.0,83.0,66.0,48.0,30.03,29.99,29.95,10.0,10.0,9.0,17.0,5.0,21.0,0.0,0.0,10.0,0,0,1,0,0,0
992,4,117,2014,3,5,69.0,58.0,47.0,50.0,46.0,42.0,86.0,64.0,42.0,30.14,30.07,30.01,10.0,10.0,10.0,14.0,5.0,17.0,0.0,1.0,34.0,0,0,1,0,0,1
994,13,117,2014,3,6,68.0,60.0,51.0,50.0,47.0,46.0,83.0,66.0,48.0,30.2,30.15,30.1,10.0,10.0,7.0,14.0,5.0,18.0,0.0,3.0,21.0,0,0,1,0,0,1
999,25,117,2014,3,0,74.0,61.0,47.0,51.0,44.0,34.0,82.0,54.0,25.0,30.17,30.1,30.04,10.0,10.0,10.0,17.0,5.0,21.0,0.0,0.0,341.0,0,0,1,0,0,0
1005,32,117,2014,3,1,67.0,57.0,47.0,54.0,44.0,34.0,72.0,62.0,51.0,30.07,29.97,29.9,10.0,10.0,7.0,17.0,5.0,22.0,0.01,3.0,262.0,0,0,0,1,0,0
1009,26,117,2014,3,2,63.0,58.0,53.0,52.0,48.0,43.0,89.0,71.0,52.0,30.0,29.89,29.85,10.0,9.0,4.0,15.0,6.0,20.0,0.24,6.0,222.0,0,0,0,1,0,0
1016,34,117,2014,3,3,67.0,59.0,50.0,48.0,45.0,42.0,83.0,63.0,42.0,30.16,30.08,30.01,10.0,10.0,10.0,17.0,5.0,20.0,0.0,5.0,162.0,0,0,1,0,0,0
1021,35,117,2014,3,4,71.0,61.0,51.0,51.0,47.0,45.0,83.0,64.0,44.0,30.22,30.16,30.11,10.0,10.0,10.0,14.0,5.0,17.0,0.0,4.0,143.0,0,0,1,0,0,0
1024,4,117,2014,3,5,64.0,58.0,51.0,56.0,51.0,47.0,93.0,78.0,63.0,30.17,30.08,30.04,10.0,9.0,1.0,12.0,5.0,17.0,0.28,6.0,155.0,0,0,0,1,0,1
1027,19,117,2014,3,6,63.0,56.0,49.0,48.0,44.0,39.0,89.0,66.0,43.0,30.15,30.12,30.08,10.0,10.0,10.0,16.0,6.0,22.0,0.03,2.0,291.0,0,0,1,0,0,1
1035,24,117,2014,3,0,57.0,51.0,45.0,45.0,43.0,41.0,92.0,75.0,57.0,30.1,29.95,29.88,10.0,8.0,2.0,18.0,7.0,25.0,0.52,4.0,150.0,0,0,0,1,0,0
1036,20,117,2014,4,1,60.0,53.0,45.0,45.0,43.0,41.0,92.0,74.0,55.0,29.97,29.92,29.87,10.0,10.0,4.0,20.0,8.0,24.0,0.36,5.0,148.0,0,0,0,1,0,0
1043,32,117,2014,4,2,61.0,53.0,45.0,44.0,42.0,39.0,93.0,70.0,46.0,30.13,30.04,29.91,10.0,10.0,10.0,14.0,6.0,18.0,0.01,3.0,8.0,0,0,0,1,0,0
1047,27,117,2014,4,3,64.0,54.0,44.0,49.0,43.0,40.0,89.0,65.0,40.0,30.14,30.1,30.04,10.0,10.0,10.0,17.0,4.0,21.0,0.0,1.0,319.0,0,0,1,0,0,0
1052,17,117,2014,4,4,61.0,56.0,50.0,48.0,45.0,40.0,83.0,65.0,46.0,30.08,30.04,29.99,10.0,8.0,2.0,16.0,7.0,22.0,0.21,7.0,268.0,0,0,0,1,0,0
1057,8,117,2014,4,5,66.0,58.0,50.0,48.0,45.0,43.0,83.0,66.0,48.0,30.22,30.14,30.07,10.0,10.0,10.0,21.0,6.0,24.0,0.0,2.0,314.0,0,0,1,0,0,1
1062,6,117,2014,4,6,77.0,62.0,47.0,54.0,48.0,43.0,80.0,61.0,41.0,30.25,30.19,30.12,10.0,10.0,10.0,14.0,4.0,16.0,0.0,0.0,344.0,0,0,1,0,0,1
1066,46,117,2014,4,0,81.0,67.0,53.0,56.0,51.0,47.0,83.0,60.0,36.0,30.17,30.12,30.07,10.0,10.0,10.0,12.0,3.0,15.0,0.0,0.0,340.0,0,0,1,0,0,0
1071,28,117,2014,4,1,82.0,70.0,58.0,59.0,55.0,51.0,80.0,61.0,42.0,30.12,30.08,30.02,10.0,10.0,10.0,15.0,4.0,18.0,0.0,0.0,334.0,0,0,1,0,0,0
1075,28,117,2014,4,2,70.0,63.0,55.0,55.0,53.0,50.0,86.0,72.0,57.0,30.11,30.06,30.0,10.0,10.0,10.0,14.0,5.0,17.0,0.0,2.0,323.0,0,0,1,0,0,0
1083,40,117,2014,4,3,76.0,65.0,54.0,55.0,50.0,41.0,89.0,59.0,29.0,30.05,30.0,29.91,10.0,9.0,7.0,14.0,4.0,17.0,0.0,3.0,321.0,0,0,1,0,0,0
1086,28,117,2014,4,4,66.0,61.0,55.0,54.0,52.0,50.0,86.0,77.0,67.0,29.96,29.92,29.87,10.0,10.0,9.0,15.0,6.0,17.0,0.0,4.0,343.0,0,0,1,0,0,0
1091,10,117,2014,4,5,68.0,61.0,54.0,52.0,48.0,46.0,77.0,65.0,52.0,29.98,29.92,29.88,10.0,10.0,10.0,18.0,6.0,23.0,0.0,4.0,18.0,0,0,1,0,0,1
1097,25,117,2014,4,6,72.0,64.0,55.0,55.0,49.0,45.0,80.0,65.0,49.0,30.07,30.02,29.97,10.0,10.0,10.0,21.0,5.0,24.0,0.0,3.0,317.0,0,0,1,0,0,1
1100,38,117,2014,4,0,72.0,63.0,54.0,55.0,52.0,48.0,86.0,68.0,49.0,30.14,30.09,30.04,10.0,10.0,9.0,15.0,5.0,21.0,0.0,3.0,345.0,0,0,1,0,0,0
1106,38,117,2014,4,1,68.0,61.0,54.0,53.0,50.0,47.0,86.0,71.0,56.0,30.09,30.01,29.92,10.0,10.0,9.0,20.0,6.0,22.0,0.0,3.0,359.0,0,0,1,0,0,0
1109,34,117,2014,4,2,77.0,64.0,51.0,54.0,50.0,46.0,83.0,62.0,41.0,29.95,29.9,29.83,10.0,10.0,9.0,20.0,7.0,24.0,0.0,0.0,352.0,0,0,1,0,0,0
1116,30,117,2014,4,3,70.0,62.0,53.0,53.0,49.0,43.0,83.0,64.0,44.0,29.9,29.87,29.82,10.0,10.0,9.0,24.0,7.0,28.0,0.0,0.0,337.0,0,0,1,0,0,0
1119,20,117,2014,4,4,69.0,61.0,52.0,53.0,47.0,36.0,77.0,58.0,39.0,29.98,29.93,29.89,10.0,10.0,9.0,21.0,7.0,24.0,0.0,0.0,354.0,0,0,1,0,0,0
1123,6,117,2014,4,5,69.0,60.0,50.0,51.0,47.0,43.0,86.0,67.0,48.0,30.15,30.09,29.98,10.0,10.0,10.0,23.0,6.0,25.0,0.0,0.0,355.0,0,0,1,0,0,1
1129,10,117,2014,4,6,80.0,66.0,51.0,54.0,49.0,36.0,83.0,52.0,20.0,30.17,30.12,30.07,10.0,10.0,10.0,18.0,5.0,23.0,0.0,0.0,353.0,0,0,1,0,0,1
1135,32,117,2014,4,0,71.0,61.0,51.0,51.0,46.0,35.0,77.0,52.0,27.0,30.11,30.05,30.0,10.0,10.0,10.0,21.0,6.0,25.0,0.0,1.0,338.0,0,0,1,0,0,0
1141,29,117,2014,4,1,65.0,58.0,51.0,50.0,40.0,31.0,72.0,50.0,28.0,30.16,30.09,29.99,10.0,10.0,9.0,21.0,10.0,26.0,0.0,3.0,298.0,0,0,0,1,0,0
1145,28,117,2014,4,2,68.0,59.0,50.0,48.0,41.0,37.0,72.0,56.0,39.0,30.17,30.14,30.11,10.0,10.0,10.0,22.0,8.0,25.0,0.0,0.0,314.0,0,0,1,0,0,0
1150,37,117,2014,4,3,68.0,60.0,52.0,52.0,49.0,46.0,83.0,68.0,52.0,30.14,30.08,30.01,10.0,10.0,10.0,23.0,6.0,28.0,0.0,1.0,324.0,0,0,0,1,0,0
1155,23,117,2014,4,4,60.0,56.0,51.0,53.0,48.0,41.0,86.0,74.0,61.0,29.99,29.9,29.83,10.0,9.0,5.0,16.0,7.0,23.0,0.28,8.0,252.0,0,0,0,1,0,0
1160,7,117,2014,4,5,62.0,55.0,48.0,44.0,40.0,34.0,82.0,61.0,36.0,30.13,30.0,29.88,10.0,10.0,10.0,15.0,8.0,30.0,0.0,2.0,282.0,0,0,1,0,0,1
1165,20,117,2014,4,6,66.0,59.0,51.0,49.0,44.0,40.0,71.0,60.0,48.0,30.17,30.11,30.07,10.0,10.0,10.0,21.0,9.0,25.0,0.0,4.0,88.0,0,0,1,0,0,1
1172,34,117,2014,4,0,72.0,60.0,48.0,50.0,42.0,32.0,80.0,54.0,28.0,30.25,30.2,30.17,10.0,10.0,10.0,16.0,5.0,22.0,0.0,0.0,328.0,0,0,1,0,0,0
1174,34,117,2014,4,1,86.0,69.0,52.0,55.0,44.0,37.0,66.0,44.0,21.0,30.22,30.15,30.06,10.0,10.0,10.0,13.0,3.0,16.0,0.0,0.0,334.0,0,0,1,0,0,0
1178,42,117,2014,4,2,91.0,75.0,59.0,54.0,49.0,46.0,65.0,44.0,23.0,30.1,30.05,30.0,10.0,10.0,10.0,15.0,4.0,17.0,0.0,0.0,342.0,0,0,1,0,0,0
1183,35,117,2014,5,3,89.0,75.0,60.0,53.0,47.0,43.0,63.0,42.0,21.0,30.11,30.07,30.04,10.0,10.0,10.0,16.0,4.0,23.0,0.0,0.0,336.0,0,0,1,0,0,0
1189,22,117,2014,5,4,78.0,67.0,56.0,54.0,49.0,43.0,72.0,50.0,28.0,30.11,30.08,30.02,10.0,10.0,10.0,17.0,5.0,24.0,0.0,0.0,336.0,0,0,1,0,0,0
1194,17,117,2014,5,5,70.0,63.0,56.0,54.0,50.0,45.0,86.0,65.0,44.0,30.08,30.05,30.01,10.0,10.0,10.0,25.0,8.0,30.0,0.0,3.0,338.0,0,0,1,0,0,1
1201,3,117,2014,5,6,72.0,63.0,53.0,51.0,48.0,47.0,77.0,62.0,47.0,30.08,30.06,30.02,10.0,10.0,10.0,23.0,7.0,28.0,0.0,1.0,313.0,0,0,1,0,0,1
1204,41,117,2014,5,0,68.0,61.0,54.0,48.0,45.0,42.0,72.0,57.0,42.0,30.08,30.04,29.99,10.0,10.0,10.0,20.0,8.0,26.0,0.0,2.0,299.0,0,0,1,0,0,0
1211,25,117,2014,5,1,73.0,63.0,53.0,45.0,43.0,38.0,71.0,50.0,29.0,29.97,29.94,29.9,10.0,10.0,10.0,22.0,7.0,25.0,0.0,0.0,299.0,0,0,1,0,0,0
1214,36,117,2014,5,2,69.0,60.0,51.0,48.0,44.0,42.0,77.0,58.0,39.0,30.04,29.98,29.93,10.0,10.0,10.0,21.0,6.0,26.0,0.0,1.0,247.0,0,0,1,0,0,0
1220,33,117,2014,5,3,71.0,62.0,53.0,55.0,49.0,43.0,78.0,63.0,48.0,30.12,30.08,30.05,10.0,10.0,10.0,14.0,5.0,17.0,0.0,6.0,271.0,0,0,1,0,0,0
1224,26,117,2014,5,4,70.0,63.0,55.0,55.0,49.0,41.0,86.0,61.0,36.0,30.19,30.15,30.1,10.0,10.0,10.0,18.0,9.0,30.0,0.0,5.0,309.0,0,0,1,0,0,0
1227,9,117,2014,5,5,70.0,62.0,53.0,44.0,42.0,39.0,66.0,51.0,35.0,30.16,30.11,30.05,10.0,10.0,10.0,20.0,8.0,28.0,0.0,0.0,300.0,0,0,1,0,0,1
1234,10,117,2014,5,6,79.0,65.0,51.0,50.0,38.0,26.0,72.0,46.0,19.0,30.12,30.08,30.03,10.0,10.0,10.0,18.0,7.0,24.0,0.0,0.0,317.0,0,0,1,0,0,1
1238,32,117,2014,5,0,87.0,69.0,51.0,51.0,43.0,33.0,72.0,44.0,15.0,30.12,30.08,30.04,10.0,10.0,10.0,16.0,5.0,20.0,0.0,0.0,344.0,0,0,1,0,0,0
1245,46,117,2014,5,1,92.0,75.0,58.0,57.0,41.0,28.0,54.0,33.0,11.0,30.15,30.1,30.07,10.0,10.0,10.0,15.0,4.0,20.0,0.0,0.0,336.0,0,0,1,0,0,0
1247,26,117,2014,5,2,91.0,76.0,61.0,54.0,44.0,34.0,53.0,34.0,15.0,30.15,30.1,30.04,10.0,10.0,10.0,16.0,4.0,30.0,0.0,0.0,343.0,0,0,1,0,0,0
1254,29,117,2014,5,3,87.0,74.0,61.0,53.0,45.0,38.0,60.0,40.0,19.0,30.11,30.09,30.05,10.0,10.0,10.0,21.0,6.0,24.0,0.0,0.0,349.0,0,0,1,0,0,0
1259,26,117,2014,5,4,76.0,67.0,57.0,54.0,51.0,46.0,80.0,62.0,44.0,30.1,30.07,30.01,10.0,10.0,10.0,21.0,9.0,25.0,0.0,0.0,352.0,0,0,1,0,0,0
1264,10,117,2014,5,5,74.0,65.0,55.0,53.0,49.0,42.0,86.0,65.0,44.0,30.04,30.01,29.99,10.0,10.0,10.0,22.0,8.0,25.0,0.0,0.0,353.0,0,0,1,0,0,1
1267,5,117,2014,5,6,73.0,65.0,56.0,52.0,47.0,42.0,72.0,55.0,38.0,30.02,30.0,29.98,10.0,10.0,10.0,18.0,7.0,25.0,0.0,2.0,301.0,0,0,1,0,0,1
1274,37,117,2014,5,0,70.0,63.0,55.0,50.0,46.0,45.0,77.0,59.0,40.0,30.0,29.98,29.96,10.0,10.0,10.0,17.0,7.0,24.0,0.0,3.0,281.0,0,0,1,0,0,0
1277,39,117,2014,5,1,72.0,63.0,54.0,53.0,48.0,46.0,77.0,59.0,41.0,30.02,30.0,29.97,10.0,10.0,9.0,21.0,6.0,24.0,0.0,2.0,312.0,0,0,0,1,0,0
1283,28,117,2014,5,2,75.0,65.0,55.0,56.0,51.0,48.0,86.0,65.0,43.0,30.0,29.97,29.91,10.0,10.0,10.0,23.0,7.0,26.0,0.0,1.0,19.0,0,0,1,0,0,0
1290,44,117,2014,5,3,73.0,65.0,57.0,56.0,52.0,50.0,80.0,65.0,49.0,30.05,29.98,29.95,10.0,10.0,10.0,18.0,7.0,23.0,0.0,3.0,16.0,0,0,1,0,0,0
1292,28,117,2014,5,4,72.0,65.0,57.0,57.0,54.0,52.0,86.0,72.0,57.0,30.06,30.02,29.96,10.0,10.0,10.0,21.0,7.0,24.0,0.0,3.0,354.0,0,0,1,0,0,0
1300,8,117,2014,5,5,71.0,65.0,58.0,56.0,53.0,51.0,86.0,73.0,59.0,30.02,29.99,29.96,10.0,10.0,10.0,21.0,8.0,24.0,0.0,0.0,6.0,0,0,1,0,0,1
1304,20,117,2014,5,6,81.0,69.0,56.0,55.0,52.0,46.0,80.0,57.0,33.0,30.0,29.97,29.93,10.0,10.0,10.0,22.0,6.0,24.0,0.0,0.0,354.0,0,0,1,0,0,1
1305,4,117,2014,5,0,82.0,69.0,55.0,58.0,49.0,29.0,83.0,53.0,22.0,30.05,30.01,29.99,10.0,10.0,10.0,23.0,6.0,26.0,0.0,0.0,350.0,0,0,1,0,0,0
1309,47,117,2014,5,1,74.0,65.0,55.0,51.0,46.0,34.0,83.0,55.0,27.0,30.08,30.04,30.0,10.0,10.0,10.0,22.0,7.0,28.0,0.0,0.0,353.0,0,0,1,0,0,0
1316,43,117,2014,5,2,78.0,66.0,53.0,48.0,41.0,36.0,67.0,46.0,24.0,30.09,30.03,29.96,10.0,10.0,10.0,20.0,7.0,22.0,0.0,0.0,325.0,0,0,1,0,0,0
1321,36,117,2014,5,3,83.0,69.0,54.0,53.0,46.0,30.0,80.0,50.0,19.0,29.97,29.94,29.9,10.0,10.0,10.0,22.0,7.0,24.0,0.0,0.0,352.0,0,0,1,0,0,0
1325,26,117,2014,5,4,70.0,62.0,53.0,52.0,49.0,47.0,89.0,69.0,48.0,30.0,29.96,29.92,10.0,10.0,8.0,22.0,8.0,26.0,0.0,2.0,357.0,0,0,1,0,0,0
1331,17,117,2014,5,5,73.0,63.0,53.0,55.0,49.0,46.0,80.0,63.0,46.0,30.0,29.97,29.92,10.0,10.0,10.0,15.0,5.0,17.0,0.0,2.0,302.0,0,0,1,0,0,1
1334,12,117,2014,6,6,76.0,66.0,56.0,55.0,53.0,50.0,80.0,63.0,46.0,29.94,29.89,29.81,10.0,10.0,8.0,15.0,5.0,20.0,0.0,2.0,334.0,0,0,1,0,0,1
1342,43,117,2014,6,0,73.0,64.0,54.0,52.0,50.0,47.0,86.0,65.0,44.0,29.93,29.89,29.85,10.0,10.0,10.0,17.0,7.0,22.0,0.0,3.0,31.0,0,0,1,0,0,0
1345,47,117,2014,6,1,72.0,64.0,56.0,54.0,51.0,48.0,86.0,68.0,49.0,29.96,29.92,29.88,10.0,10.0,10.0,16.0,7.0,20.0,0.0,3.0,34.0,0,0,1,0,0,0
1352,50,117,2014,6,2,76.0,66.0,56.0,57.0,54.0,51.0,86.0,68.0,49.0,29.92,29.89,29.84,10.0,10.0,9.0,15.0,5.0,18.0,0.0,2.0,337.0,0,0,1,0,0,0
1358,39,117,2014,6,3,75.0,66.0,57.0,57.0,55.0,53.0,86.0,72.0,57.0,29.88,29.85,29.81,10.0,9.0,7.0,17.0,6.0,21.0,0.0,2.0,336.0,0,0,1,0,0,0
1360,27,117,2014,6,4,74.0,66.0,57.0,56.0,54.0,51.0,86.0,70.0,53.0,29.86,29.84,29.81,10.0,10.0,8.0,16.0,7.0,21.0,0.0,2.0,349.0,0,0,1,0,0,0
1365,10,117,2014,6,5,75.0,65.0,54.0,57.0,54.0,50.0,86.0,70.0,53.0,29.87,29.84,29.79,10.0,10.0,9.0,15.0,5.0,21.0,0.0,3.0,18.0,0,0,1,0,0,1
1369,2,117,2014,6,6,88.0,74.0,59.0,61.0,57.0,54.0,84.0,60.0,36.0,29.84,29.79,29.72,10.0,9.0,8.0,17.0,5.0,22.0,0.0,0.0,339.0,0,0,1,0,0,1
1373,35,117,2014,6,0,82.0,73.0,63.0,60.0,58.0,56.0,78.0,61.0,43.0,29.77,29.74,29.7,10.0,10.0,10.0,20.0,6.0,22.0,0.0,0.0,325.0,0,0,1,0,0,0
1379,44,117,2014,6,1,74.0,68.0,61.0,59.0,57.0,55.0,84.0,71.0,57.0,29.84,29.78,29.73,10.0,10.0,10.0,17.0,7.0,22.0,0.0,2.0,357.0,0,0,1,0,0,0
1386,44,117,2014,6,2,76.0,67.0,58.0,57.0,54.0,51.0,80.0,63.0,46.0,29.92,29.87,29.83,10.0,10.0,10.0,20.0,10.0,23.0,0.0,0.0,51.0,0,0,1,0,0,0
1390,37,117,2014,6,3,72.0,65.0,58.0,54.0,49.0,43.0,72.0,58.0,44.0,30.01,29.97,29.92,10.0,10.0,10.0,22.0,8.0,25.0,0.0,3.0,338.0,0,0,1,0,0,0
1392,30,117,2014,6,4,77.0,66.0,54.0,55.0,48.0,41.0,71.0,50.0,29.0,30.01,29.97,29.94,10.0,10.0,10.0,21.0,6.0,25.0,0.0,0.0,348.0,0,0,1,0,0,0
1397,10,117,2014,6,5,86.0,71.0,56.0,59.0,52.0,45.0,80.0,53.0,26.0,29.96,29.91,29.86,10.0,10.0,10.0,25.0,7.0,28.0,0.0,0.0,358.0,0,0,1,0,0,1
1405,7,117,2014,6,6,73.0,65.0,56.0,52.0,48.0,45.0,77.0,59.0,41.0,29.89,29.85,29.83,10.0,10.0,10.0,23.0,7.0,26.0,0.0,0.0,297.0,0,0,1,0,0,1
1409,49,117,2014,6,0,69.0,63.0,56.0,50.0,45.0,42.0,77.0,59.0,40.0,29.95,29.93,29.88,10.0,10.0,10.0,21.0,7.0,26.0,0.0,0.0,254.0,0,0,1,0,0,0
1414,49,117,2014,6,1,78.0,65.0,52.0,53.0,47.0,43.0,77.0,54.0,30.0,29.97,29.94,29.91,10.0,10.0,10.0,21.0,8.0,24.0,0.0,0.0,12.0,0,0,1,0,0,0
1418,48,117,2014,6,2,88.0,71.0,54.0,55.0,49.0,42.0,78.0,51.0,24.0,29.97,29.94,29.92,10.0,10.0,10.0,22.0,7.0,24.0,0.0,0.0,355.0,0,0,1,0,0,0
1424,30,117,2014,6,3,75.0,66.0,56.0,55.0,53.0,51.0,86.0,70.0,53.0,30.02,29.99,29.96,10.0,10.0,10.0,24.0,9.0,28.0,0.0,0.0,356.0,0,0,1,0,0,0
1428,31,117,2014,6,4,84.0,71.0,57.0,57.0,51.0,39.0,80.0,52.0,23.0,30.01,29.98,29.95,10.0,10.0,10.0,21.0,6.0,25.0,0.0,0.0,349.0,0,0,1,0,0,0
1434,7,117,2014,6,5,71.0,64.0,56.0,54.0,52.0,50.0,80.0,67.0,53.0,29.97,29.94,29.92,10.0,10.0,9.0,18.0,7.0,21.0,0.0,0.0,1.0,0,0,1,0,0,1
1439,11,117,2014,6,6,71.0,63.0,54.0,55.0,51.0,48.0,83.0,68.0,53.0,29.98,29.95,29.92,10.0,10.0,10.0,21.0,7.0,24.0,0.0,0.0,359.0,0,0,1,0,0,1
1446,39,117,2014,6,0,74.0,65.0,56.0,57.0,52.0,50.0,86.0,68.0,49.0,29.99,29.96,29.93,10.0,10.0,10.0,20.0,7.0,23.0,0.0,2.0,45.0,0,0,1,0,0,0
1447,44,117,2014,6,1,79.0,68.0,57.0,55.0,52.0,48.0,84.0,61.0,38.0,30.03,30.0,29.98,10.0,10.0,10.0,22.0,8.0,26.0,0.0,0.0,347.0,0,0,1,0,0,0
1454,32,117,2014,6,2,76.0,67.0,58.0,58.0,56.0,54.0,87.0,71.0,54.0,30.02,30.0,29.99,10.0,10.0,10.0,22.0,8.0,28.0,0.0,0.0,358.0,0,0,1,0,0,0
1461,33,117,2014,6,3,75.0,68.0,61.0,58.0,55.0,51.0,90.0,68.0,46.0,30.02,29.99,29.96,10.0,10.0,9.0,22.0,9.0,25.0,0.01,3.0,330.0,0,0,0,1,0,0
1464,28,117,2014,6,4,77.0,69.0,60.0,62.0,57.0,53.0,78.0,68.0,57.0,30.02,29.99,29.94,10.0,10.0,10.0,22.0,9.0,25.0,0.0,3.0,343.0,0,0,1,0,0,0
1469,8,117,2014,6,5,78.0,69.0,59.0,57.0,53.0,43.0,78.0,56.0,33.0,29.99,29.96,29.92,10.0,10.0,10.0,23.0,8.0,26.0,0.0,0.0,349.0,0,0,1,0,0,1
1473,15,117,2014,6,6,83.0,71.0,58.0,58.0,55.0,48.0,84.0,59.0,33.0,29.96,29.91,29.85,10.0,10.0,10.0,18.0,6.0,22.0,0.0,0.0,348.0,0,0,1,0,0,1
1480,42,117,2014,6,0,86.0,74.0,62.0,61.0,57.0,54.0,84.0,61.0,37.0,29.86,29.83,29.8,10.0,10.0,10.0,17.0,5.0,21.0,0.0,0.0,339.0,0,0,1,0,0,0
1485,41,117,2014,7,1,76.0,69.0,61.0,59.0,57.0,55.0,84.0,69.0,54.0,29.87,29.83,29.81,10.0,10.0,9.0,20.0,9.0,24.0,0.0,2.0,356.0,0,0,1,0,0,0
1488,37,117,2014,7,2,77.0,69.0,60.0,58.0,55.0,53.0,84.0,67.0,50.0,29.93,29.89,29.86,10.0,10.0,4.0,24.0,9.0,29.0,0.0,3.0,34.0,0,0,1,0,0,0
1496,22,117,2014,7,3,75.0,66.0,57.0,58.0,55.0,53.0,86.0,70.0,53.0,29.96,29.93,29.91,10.0,10.0,10.0,18.0,7.0,22.0,0.0,0.0,11.0,0,0,1,0,0,0
1500,9,117,2014,7,4,74.0,66.0,57.0,58.0,55.0,54.0,87.0,72.0,57.0,30.03,29.97,29.92,10.0,10.0,8.0,18.0,7.0,22.0,0.0,1.0,342.0,0,0,1,0,0,0
1503,9,117,2014,7,5,78.0,67.0,56.0,59.0,55.0,53.0,86.0,66.0,46.0,30.09,30.05,30.02,10.0,10.0,8.0,14.0,6.0,17.0,0.0,2.0,343.0,0,0,1,0,0,1
1509,9,117,2014,7,6,77.0,66.0,55.0,58.0,55.0,52.0,87.0,67.0,46.0,30.07,30.02,29.96,10.0,10.0,10.0,14.0,6.0,18.0,0.0,1.0,338.0,0,0,1,0,0,1
1514,56,117,2014,7,0,80.0,69.0,58.0,60.0,57.0,55.0,87.0,68.0,48.0,29.95,29.91,29.85,10.0,10.0,10.0,17.0,5.0,21.0,0.0,2.0,341.0,0,0,1,0,0,0
1517,56,117,2014,7,1,76.0,68.0,60.0,58.0,57.0,55.0,90.0,72.0,54.0,29.94,29.9,29.87,10.0,10.0,10.0,18.0,8.0,22.0,0.0,2.0,350.0,0,0,1,0,0,0
1522,44,117,2014,7,2,77.0,68.0,59.0,59.0,56.0,54.0,90.0,72.0,54.0,29.96,29.92,29.86,10.0,10.0,9.0,17.0,8.0,23.0,0.0,3.0,8.0,0,0,1,0,0,0
1530,46,117,2014,7,3,77.0,68.0,59.0,58.0,56.0,53.0,84.0,67.0,50.0,29.96,29.91,29.87,10.0,10.0,6.0,18.0,9.0,22.0,0.0,0.0,45.0,0,0,1,0,0,0
1531,30,117,2014,7,4,75.0,67.0,59.0,56.0,55.0,53.0,78.0,66.0,53.0,30.1,30.02,29.96,10.0,9.0,2.0,22.0,9.0,25.0,0.0,2.0,359.0,0,0,1,0,0,0
1538,8,117,2014,7,5,71.0,66.0,60.0,57.0,55.0,53.0,84.0,72.0,59.0,30.11,30.08,30.04,10.0,10.0,10.0,20.0,8.0,23.0,0.0,4.0,340.0,0,0,1,0,0,1
1545,9,117,2014,7,6,73.0,66.0,58.0,60.0,56.0,53.0,84.0,71.0,57.0,30.06,30.0,29.91,10.0,10.0,10.0,13.0,6.0,18.0,0.0,3.0,340.0,0,0,1,0,0,1
1547,51,117,2014,7,0,81.0,72.0,62.0,61.0,59.0,57.0,90.0,71.0,51.0,29.94,29.9,29.87,10.0,10.0,10.0,14.0,5.0,18.0,0.0,0.0,330.0,0,0,1,0,0,0
1552,53,117,2014,7,1,80.0,71.0,61.0,64.0,60.0,57.0,87.0,71.0,54.0,30.01,29.97,29.93,10.0,10.0,10.0,20.0,8.0,23.0,0.0,2.0,334.0,0,0,1,0,0,0
1559,51,117,2014,7,2,80.0,72.0,64.0,61.0,59.0,56.0,87.0,68.0,48.0,30.05,30.0,29.96,10.0,10.0,10.0,25.0,9.0,29.0,0.0,3.0,4.0,0,0,1,0,0,0
1561,36,117,2014,7,3,79.0,71.0,62.0,59.0,57.0,56.0,84.0,66.0,48.0,30.03,29.99,29.94,10.0,10.0,10.0,25.0,9.0,28.0,0.0,0.0,16.0,0,0,1,0,0,0
1566,33,117,2014,7,4,74.0,68.0,62.0,59.0,57.0,55.0,78.0,68.0,57.0,30.03,29.99,29.95,10.0,10.0,10.0,21.0,9.0,24.0,0.0,2.0,16.0,0,0,1,0,0,0
1571,12,117,2014,7,5,76.0,70.0,63.0,60.0,59.0,57.0,87.0,73.0,58.0,29.98,29.96,29.93,10.0,10.0,10.0,21.0,8.0,25.0,0.0,3.0,351.0,0,0,1,0,0,1
1578,14,117,2014,7,6,78.0,71.0,64.0,61.0,60.0,59.0,87.0,72.0,56.0,30.01,29.97,29.94,10.0,10.0,10.0,22.0,10.0,26.0,0.0,4.0,351.0,0,0,1,0,0,1
1581,57,117,2014,7,0,78.0,71.0,64.0,60.0,58.0,54.0,81.0,66.0,50.0,30.06,30.03,29.99,10.0,10.0,10.0,22.0,9.0,26.0,0.0,3.0,360.0,0,0,1,0,0,0
1586,40,117,2014,7,1,79.0,72.0,64.0,59.0,57.0,55.0,78.0,64.0,50.0,30.13,30.08,30.05,10.0,10.0,10.0,20.0,7.0,24.0,0.0,4.0,331.0,0,0,0,1,0,0
1592,42,117,2014,7,2,77.0,70.0,62.0,62.0,57.0,54.0,78.0,66.0,54.0,30.16,30.11,30.06,10.0,10.0,10.0,22.0,7.0,29.0,0.0,1.0,340.0,0,0,1,0,0,0
1597,41,117,2014,7,3,85.0,73.0,61.0,61.0,58.0,55.0,90.0,65.0,40.0,30.07,29.96,29.85,10.0,10.0,10.0,21.0,7.0,23.0,0.0,1.0,358.0,0,0,1,0,0,0
1602,29,117,2014,7,4,95.0,79.0,62.0,61.0,57.0,43.0,78.0,48.0,18.0,29.9,29.87,29.83,10.0,10.0,10.0,20.0,5.0,23.0,0.0,0.0,340.0,0,0,1,0,0,0
1607,4,117,2014,7,5,84.0,74.0,63.0,62.0,60.0,57.0,81.0,64.0,46.0,29.97,29.93,29.89,10.0,10.0,8.0,17.0,6.0,21.0,0.0,0.0,339.0,0,0,1,0,0,1
1612,4,117,2014,7,6,85.0,74.0,63.0,62.0,60.0,57.0,87.0,65.0,43.0,30.02,29.97,29.93,10.0,10.0,10.0,15.0,7.0,20.0,0.0,1.0,328.0,0,0,1,0,0,1
1618,44,117,2014,7,0,79.0,70.0,61.0,61.0,59.0,57.0,84.0,70.0,56.0,30.07,30.04,30.01,10.0,10.0,10.0,16.0,5.0,21.0,0.0,1.0,339.0,0,0,1,0,0,0
1620,52,117,2014,7,1,80.0,72.0,63.0,61.0,59.0,58.0,90.0,69.0,48.0,30.08,30.04,29.99,10.0,10.0,10.0,15.0,7.0,18.0,0.0,2.0,338.0,0,0,1,0,0,0
1626,37,117,2014,7,2,80.0,72.0,63.0,62.0,60.0,59.0,90.0,72.0,54.0,30.03,29.99,29.95,10.0,10.0,8.0,17.0,6.0,21.0,0.0,3.0,328.0,0,0,1,0,0,0
1630,27,117,2014,7,3,78.0,70.0,62.0,61.0,59.0,57.0,90.0,73.0,56.0,30.01,29.96,29.9,10.0,10.0,9.0,14.0,5.0,18.0,0.0,3.0,340.0,0,0,1,0,0,0
1636,29,117,2014,8,4,78.0,70.0,62.0,62.0,60.0,58.0,87.0,72.0,56.0,29.94,29.92,29.88,10.0,10.0,9.0,15.0,6.0,21.0,0.0,0.0,333.0,0,0,1,0,0,0
1641,3,117,2014,8,5,72.0,67.0,62.0,59.0,58.0,57.0,90.0,78.0,66.0,29.98,29.94,29.91,10.0,10.0,9.0,14.0,7.0,17.0,0.0,5.0,339.0,0,0,1,0,0,1
1646,7,117,2014,8,6,72.0,67.0,62.0,58.0,57.0,55.0,84.0,73.0,61.0,29.99,29.96,29.93,10.0,10.0,10.0,20.0,8.0,23.0,0.0,5.0,8.0,0,0,1,0,0,1
1649,29,117,2014,8,0,75.0,69.0,62.0,59.0,57.0,55.0,84.0,71.0,57.0,30.02,29.98,29.95,10.0,10.0,10.0,17.0,7.0,22.0,0.0,3.0,357.0,0,0,1,0,0,0
1656,36,117,2014,8,1,79.0,71.0,63.0,60.0,58.0,57.0,84.0,69.0,54.0,30.09,30.04,30.01,10.0,10.0,10.0,18.0,6.0,24.0,0.0,4.0,346.0,0,0,1,0,0,0
1662,27,117,2014,8,2,83.0,73.0,63.0,64.0,62.0,59.0,87.0,67.0,47.0,30.04,30.01,29.96,10.0,10.0,8.0,20.0,6.0,23.0,0.0,2.0,342.0,0,0,0,1,0,0
1668,27,117,2014,8,3,74.0,68.0,62.0,60.0,58.0,56.0,90.0,74.0,57.0,29.99,29.97,29.92,10.0,10.0,10.0,20.0,7.0,23.0,0.0,3.0,357.0,0,0,1,0,0,0
1670,19,117,2014,8,4,77.0,69.0,60.0,59.0,56.0,55.0,84.0,67.0,50.0,29.96,29.93,29.89,10.0,10.0,9.0,17.0,6.0,20.0,0.0,1.0,8.0,0,0,1,0,0,0
1674,7,117,2014,8,5,72.0,66.0,59.0,58.0,55.0,53.0,84.0,73.0,61.0,30.01,29.97,29.92,10.0,10.0,10.0,21.0,7.0,24.0,0.0,1.0,15.0,0,0,1,0,0,1
1679,3,117,2014,8,6,77.0,69.0,60.0,58.0,55.0,52.0,84.0,69.0,53.0,30.03,29.98,29.94,10.0,10.0,10.0,17.0,6.0,21.0,0.0,3.0,345.0,0,0,1,0,0,1
1682,38,117,2014,8,0,76.0,69.0,62.0,59.0,57.0,55.0,84.0,69.0,54.0,29.98,29.95,29.9,10.0,10.0,10.0,18.0,7.0,21.0,0.0,3.0,357.0,0,0,1,0,0,0
1688,44,117,2014,8,1,77.0,68.0,59.0,59.0,56.0,54.0,84.0,67.0,50.0,30.0,29.96,29.93,10.0,10.0,10.0,22.0,7.0,25.0,0.0,1.0,356.0,0,0,1,0,0,0
1694,36,117,2014,8,2,77.0,69.0,61.0,61.0,57.0,55.0,84.0,69.0,53.0,30.02,29.98,29.93,10.0,10.0,10.0,24.0,7.0,28.0,0.0,3.0,350.0,0,0,1,0,0,0
1698,32,117,2014,8,3,76.0,69.0,61.0,60.0,58.0,57.0,90.0,74.0,58.0,29.99,29.95,29.9,10.0,10.0,10.0,18.0,6.0,23.0,0.0,2.0,346.0,0,0,1,0,0,0
1704,37,117,2014,8,4,77.0,69.0,60.0,61.0,59.0,57.0,90.0,72.0,54.0,30.02,29.99,29.95,10.0,10.0,10.0,17.0,6.0,18.0,0.0,2.0,341.0,0,0,1,0,0,0
1709,1,117,2014,8,5,78.0,69.0,60.0,60.0,58.0,57.0,90.0,72.0,54.0,30.06,30.02,29.98,10.0,10.0,9.0,15.0,6.0,20.0,0.0,4.0,343.0,0,0,1,0,0,1
1713,15,117,2014,8,6,74.0,67.0,60.0,60.0,57.0,55.0,90.0,76.0,61.0,30.06,30.0,29.94,10.0,10.0,10.0,16.0,7.0,21.0,0.0,4.0,350.0,0,0,1,0,0,1
1718,52,117,2014,8,0,72.0,67.0,62.0,59.0,57.0,55.0,84.0,73.0,61.0,29.94,29.89,29.83,10.0,10.0,8.0,22.0,7.0,25.0,0.0,4.0,357.0,0,0,1,0,0,0
1723,48,117,2014,8,1,79.0,71.0,63.0,59.0,57.0,54.0,84.0,67.0,50.0,29.9,29.86,29.81,10.0,10.0,10.0,20.0,7.0,23.0,0.0,4.0,39.0,0,0,1,0,0,0
1726,40,117,2014,8,2,79.0,70.0,60.0,58.0,56.0,54.0,84.0,65.0,45.0,29.94,29.9,29.87,10.0,10.0,10.0,17.0,6.0,21.0,0.0,2.0,13.0,0,0,1,0,0,0
1732,38,117,2014,8,3,78.0,69.0,60.0,61.0,57.0,54.0,90.0,72.0,53.0,29.97,29.94,29.91,10.0,10.0,10.0,18.0,7.0,41.0,0.0,0.0,354.0,0,0,1,0,0,0
1735,39,117,2014,8,4,80.0,71.0,61.0,61.0,58.0,56.0,90.0,69.0,48.0,29.95,29.93,29.89,10.0,10.0,9.0,24.0,8.0,28.0,0.0,2.0,347.0,0,0,1,0,0,0
1740,9,117,2014,8,5,77.0,69.0,60.0,59.0,56.0,53.0,84.0,65.0,46.0,29.98,29.92,29.86,10.0,10.0,10.0,17.0,7.0,21.0,0.0,3.0,358.0,0,0,1,0,0,1
1744,10,117,2014,8,6,76.0,69.0,61.0,59.0,56.0,53.0,84.0,69.0,53.0,29.93,29.88,29.83,10.0,10.0,10.0,20.0,8.0,24.0,0.0,3.0,28.0,0,0,1,0,0,1
1752,37,117,2014,8,0,76.0,68.0,59.0,57.0,54.0,53.0,78.0,64.0,49.0,29.97,29.9,29.86,10.0,10.0,10.0,23.0,6.0,28.0,0.0,2.0,349.0,0,0,1,0,0,0
1755,44,117,2014,8,1,75.0,67.0,58.0,58.0,55.0,52.0,84.0,67.0,50.0,30.03,29.99,29.95,10.0,10.0,10.0,17.0,6.0,22.0,0.0,1.0,9.0,0,0,1,0,0,0
1761,37,117,2014,8,2,80.0,70.0,60.0,61.0,58.0,56.0,84.0,65.0,45.0,30.08,30.04,30.0,10.0,10.0,10.0,21.0,6.0,23.0,0.0,0.0,344.0,0,0,1,0,0,0
1766,36,117,2014,8,3,79.0,70.0,61.0,61.0,58.0,56.0,90.0,68.0,45.0,30.09,30.03,29.96,10.0,10.0,10.0,17.0,5.0,21.0,0.0,2.0,350.0,0,0,1,0,0,0
1771,27,117,2014,8,4,80.0,71.0,62.0,60.0,58.0,57.0,90.0,73.0,56.0,29.99,29.95,29.91,10.0,10.0,10.0,20.0,5.0,24.0,0.0,3.0,350.0,0,0,1,0,0,0
1775,8,117,2014,8,5,81.0,71.0,61.0,60.0,58.0,55.0,90.0,66.0,42.0,29.94,29.91,29.88,10.0,10.0,10.0,23.0,7.0,26.0,0.0,0.0,344.0,0,0,1,0,0,1
1781,8,117,2014,8,6,79.0,69.0,59.0,60.0,58.0,56.0,90.0,69.0,48.0,29.96,29.91,29.85,10.0,10.0,10.0,21.0,6.0,23.0,0.0,0.0,356.0,0,0,1,0,0,1
1785,11,117,2014,9,0,85.0,73.0,60.0,60.0,58.0,53.0,84.0,59.0,34.0,29.87,29.83,29.77,10.0,10.0,10.0,17.0,5.0,21.0,0.0,0.0,342.0,0,0,1,0,0,0
1788,51,117,2014,9,1,76.0,69.0,61.0,60.0,59.0,57.0,84.0,73.0,61.0,29.87,29.83,29.79,10.0,10.0,10.0,18.0,7.0,23.0,0.0,2.0,359.0,0,0,1,0,0,0
1795,37,117,2014,9,2,79.0,70.0,61.0,60.0,57.0,54.0,84.0,66.0,48.0,29.82,29.77,29.71,10.0,10.0,10.0,17.0,6.0,22.0,0.0,3.0,33.0,0,0,1,0,0,0
1798,29,117,2014,9,3,78.0,70.0,62.0,60.0,58.0,56.0,84.0,67.0,50.0,29.82,29.77,29.73,10.0,10.0,9.0,16.0,6.0,21.0,0.0,4.0,25.0,0,0,1,0,0,0
1805,31,117,2014,9,4,76.0,69.0,61.0,59.0,57.0,55.0,84.0,69.0,54.0,29.93,29.88,29.82,10.0,10.0,8.0,17.0,7.0,21.0,0.0,4.0,34.0,0,0,1,0,0,0
1809,3,117,2014,9,5,75.0,67.0,59.0,57.0,56.0,53.0,84.0,69.0,53.0,29.99,29.94,29.9,10.0,8.0,6.0,15.0,5.0,21.0,0.0,4.0,351.0,0,0,1,0,0,1
1813,11,117,2014,9,6,72.0,66.0,59.0,56.0,54.0,53.0,80.0,67.0,53.0,29.93,29.89,29.82,10.0,10.0,8.0,16.0,5.0,21.0,0.0,4.0,339.0,0,0,1,0,0,1
1818,42,117,2014,9,0,69.0,63.0,56.0,54.0,52.0,51.0,80.0,68.0,55.0,29.98,29.91,29.86,10.0,10.0,10.0,21.0,7.0,24.0,0.0,4.0,341.0,0,0,1,0,0,0
1822,38,117,2014,9,1,75.0,65.0,54.0,58.0,54.0,50.0,90.0,72.0,53.0,30.02,29.97,29.92,10.0,10.0,9.0,14.0,4.0,17.0,0.0,3.0,337.0,0,0,1,0,0,0
1827,40,117,2014,9,2,86.0,72.0,57.0,61.0,57.0,50.0,90.0,60.0,29.0,29.97,29.91,29.83,10.0,9.0,5.0,14.0,4.0,16.0,0.0,2.0,336.0,0,0,1,0,0,0
1830,35,117,2014,9,3,85.0,72.0,59.0,60.0,57.0,53.0,84.0,61.0,37.0,29.93,29.88,29.82,10.0,10.0,7.0,14.0,4.0,16.0,0.0,1.0,314.0,0,0,1,0,0,0
1838,44,117,2014,9,4,81.0,71.0,60.0,60.0,57.0,53.0,84.0,62.0,39.0,29.92,29.87,29.81,10.0,10.0,9.0,13.0,4.0,15.0,0.0,1.0,319.0,0,0,1,0,0,0
1842,6,117,2014,9,5,79.0,70.0,61.0,60.0,58.0,56.0,90.0,69.0,48.0,29.88,29.84,29.8,10.0,10.0,7.0,15.0,4.0,20.0,0.0,2.0,327.0,0,0,1,0,0,1
1846,12,117,2014,9,6,78.0,70.0,61.0,59.0,57.0,50.0,90.0,65.0,39.0,29.88,29.85,29.81,10.0,10.0,9.0,14.0,5.0,21.0,0.0,2.0,336.0,0,0,1,0,0,1
1849,35,117,2014,9,0,77.0,69.0,60.0,58.0,55.0,49.0,84.0,65.0,46.0,29.96,29.91,29.86,10.0,10.0,10.0,22.0,6.0,24.0,0.0,2.0,347.0,0,0,1,0,0,0
1858,40,117,2014,9,1,82.0,70.0,57.0,61.0,55.0,50.0,87.0,61.0,35.0,29.96,29.89,29.82,10.0,10.0,10.0,18.0,6.0,22.0,0.0,0.0,357.0,0,0,1,0,0,0
1862,39,117,2014,9,2,84.0,74.0,63.0,61.0,58.0,51.0,90.0,63.0,36.0,29.84,29.8,29.74,10.0,10.0,10.0,20.0,6.0,23.0,0.0,4.0,28.0,0,0,1,0,0,0
1867,35,117,2014,9,3,83.0,75.0,66.0,63.0,61.0,55.0,81.0,62.0,43.0,29.91,29.85,29.79,10.0,10.0,10.0,17.0,7.0,20.0,0.0,6.0,109.0,0,0,0,1,0,0
1872,33,117,2014,9,4,75.0,69.0,62.0,63.0,61.0,59.0,93.0,79.0,64.0,29.94,29.91,29.86,10.0,10.0,10.0,20.0,6.0,24.0,0.0,3.0,329.0,0,0,1,0,0,0
1876,11,117,2014,9,5,77.0,70.0,63.0,63.0,60.0,57.0,87.0,74.0,60.0,29.96,29.93,29.9,10.0,10.0,9.0,20.0,6.0,23.0,0.0,4.0,349.0,0,0,1,0,0,1
1880,10,117,2014,9,6,74.0,69.0,64.0,60.0,58.0,56.0,78.0,70.0,61.0,30.04,30.0,29.94,10.0,10.0,10.0,21.0,6.0,24.0,0.0,5.0,327.0,0,0,1,0,0,1
1884,40,117,2014,9,0,78.0,71.0,63.0,59.0,57.0,55.0,78.0,64.0,50.0,30.07,30.02,29.97,10.0,10.0,10.0,18.0,5.0,28.0,0.0,4.0,330.0,0,0,1,0,0,0
1892,33,117,2014,9,1,78.0,69.0,60.0,63.0,58.0,55.0,84.0,67.0,50.0,30.03,29.99,29.93,10.0,10.0,10.0,20.0,5.0,22.0,0.0,2.0,346.0,0,0,1,0,0,0
1896,39,117,2014,9,2,80.0,71.0,62.0,62.0,59.0,57.0,84.0,69.0,54.0,29.99,29.94,29.88,10.0,10.0,10.0,21.0,5.0,24.0,0.0,3.0,310.0,0,0,1,0,0,0
1899,28,117,2014,9,3,73.0,66.0,59.0,63.0,59.0,54.0,100.0,79.0,57.0,30.04,29.98,29.92,10.0,7.0,2.0,17.0,5.0,28.0,0.41,6.0,315.0,0,0,0,1,0,0
1905,34,117,2014,9,4,75.0,66.0,57.0,61.0,56.0,51.0,100.0,73.0,46.0,30.02,29.98,29.94,10.0,10.0,10.0,16.0,5.0,22.0,0.0,2.0,288.0,0,0,1,0,0,0
1909,7,117,2014,9,5,76.0,68.0,60.0,61.0,56.0,51.0,93.0,70.0,46.0,29.95,29.91,29.84,10.0,10.0,10.0,15.0,4.0,21.0,0.0,3.0,294.0,0,0,1,0,0,1
1915,7,117,2014,9,6,76.0,67.0,57.0,62.0,57.0,54.0,100.0,75.0,49.0,29.98,29.91,29.85,10.0,10.0,10.0,17.0,5.0,21.0,0.0,2.0,337.0,0,0,1,0,0,1
1918,40,117,2014,9,0,71.0,65.0,59.0,64.0,59.0,56.0,100.0,81.0,61.0,30.05,30.01,29.98,10.0,10.0,10.0,21.0,5.0,25.0,0.0,2.0,339.0,0,0,1,0,0,0
1924,33,117,2014,9,1,76.0,66.0,56.0,63.0,58.0,56.0,100.0,77.0,54.0,30.02,29.95,29.86,10.0,10.0,10.0,16.0,4.0,18.0,0.0,0.0,346.0,0,0,1,0,0,0
1929,35,117,2014,10,2,86.0,71.0,56.0,59.0,48.0,37.0,100.0,59.0,18.0,29.98,29.9,29.87,10.0,10.0,10.0,14.0,4.0,17.0,0.0,0.0,328.0,0,0,1,0,0,0
1933,38,117,2014,10,3,91.0,73.0,54.0,58.0,44.0,36.0,62.0,40.0,17.0,30.05,30.0,29.96,10.0,10.0,10.0,12.0,3.0,13.0,0.0,0.0,336.0,0,0,1,0,0,0
1941,29,117,2014,10,4,93.0,76.0,59.0,56.0,48.0,42.0,60.0,39.0,18.0,30.11,30.05,30.0,10.0,10.0,10.0,10.0,3.0,14.0,0.0,0.0,339.0,0,0,1,0,0,0
1945,3,117,2014,10,5,91.0,74.0,57.0,57.0,46.0,36.0,55.0,35.0,15.0,30.06,30.0,29.93,10.0,10.0,10.0,12.0,3.0,16.0,0.0,0.0,343.0,0,0,1,0,0,1
1947,5,117,2014,10,6,88.0,73.0,58.0,57.0,49.0,42.0,73.0,47.0,21.0,29.98,29.93,29.88,10.0,10.0,10.0,12.0,3.0,14.0,0.0,0.0,327.0,0,0,1,0,0,1
1953,36,117,2014,10,0,85.0,71.0,57.0,63.0,56.0,44.0,93.0,59.0,25.0,29.95,29.91,29.85,10.0,10.0,10.0,12.0,3.0,20.0,0.0,0.0,327.0,0,0,1,0,0,0
1959,34,117,2014,10,1,77.0,67.0,57.0,63.0,59.0,56.0,100.0,75.0,50.0,29.96,29.91,29.86,10.0,9.0,5.0,14.0,4.0,16.0,0.0,1.0,329.0,0,0,1,0,0,0
1965,41,117,2014,10,2,82.0,69.0,56.0,63.0,58.0,54.0,100.0,73.0,45.0,29.94,29.91,29.86,10.0,10.0,8.0,14.0,3.0,17.0,0.0,0.0,336.0,0,0,1,0,0,0
1969,36,117,2014,10,3,72.0,65.0,57.0,61.0,58.0,56.0,100.0,83.0,66.0,30.02,29.97,29.93,10.0,10.0,7.0,12.0,4.0,14.0,0.0,2.0,347.0,0,0,1,0,0,0
1975,37,117,2014,10,4,68.0,63.0,57.0,61.0,57.0,55.0,100.0,82.0,63.0,30.09,30.04,30.01,10.0,10.0,10.0,13.0,5.0,17.0,0.0,4.0,356.0,0,0,1,0,0,0
1977,8,117,2014,10,5,76.0,66.0,55.0,62.0,56.0,51.0,100.0,73.0,46.0,30.09,30.04,29.99,10.0,10.0,10.0,14.0,3.0,16.0,0.0,2.0,348.0,0,0,1,0,0,1
1983,4,117,2014,10,6,89.0,72.0,55.0,60.0,46.0,29.0,100.0,56.0,11.0,30.02,29.96,29.9,10.0,10.0,10.0,13.0,3.0,15.0,0.0,0.0,295.0,0,0,1,0,0,1
1988,44,117,2014,10,0,85.0,70.0,55.0,62.0,45.0,31.0,97.0,57.0,16.0,29.98,29.95,29.92,10.0,10.0,10.0,17.0,5.0,21.0,0.0,0.0,335.0,0,0,1,0,0,0
1993,36,117,2014,10,1,73.0,65.0,56.0,59.0,55.0,51.0,100.0,75.0,49.0,29.96,29.89,29.83,10.0,10.0,8.0,20.0,7.0,29.0,0.0,3.0,171.0,0,0,1,0,0,0
1996,49,117,2014,10,2,74.0,67.0,60.0,60.0,55.0,50.0,84.0,64.0,44.0,30.04,29.99,29.88,10.0,10.0,10.0,20.0,5.0,23.0,0.0,3.0,328.0,0,0,1,0,0,0
2003,36,117,2014,10,3,73.0,64.0,55.0,53.0,47.0,42.0,86.0,62.0,37.0,30.06,30.01,29.95,10.0,10.0,10.0,14.0,4.0,16.0,0.0,0.0,326.0,0,0,1,0,0,0
2007,33,117,2014,10,4,77.0,65.0,52.0,54.0,48.0,42.0,83.0,60.0,36.0,30.0,29.97,29.93,10.0,10.0,10.0,13.0,3.0,17.0,0.0,1.0,134.0,0,0,1,0,0,0
2012,7,117,2014,10,5,79.0,68.0,56.0,65.0,56.0,49.0,93.0,65.0,36.0,30.01,29.96,29.89,10.0,10.0,10.0,14.0,4.0,16.0,0.0,0.0,347.0,0,0,1,0,0,1
2016,4,117,2014,10,6,74.0,65.0,56.0,64.0,60.0,56.0,100.0,79.0,57.0,29.95,29.91,29.87,10.0,10.0,10.0,21.0,5.0,23.0,0.0,2.0,349.0,0,0,1,0,0,1
2024,43,117,2014,10,0,70.0,64.0,57.0,63.0,58.0,49.0,93.0,73.0,52.0,30.09,29.99,29.92,10.0,9.0,4.0,14.0,4.0,18.0,0.02,5.0,272.0,0,0,0,1,0,0
2026,43,117,2014,10,1,72.0,62.0,51.0,54.0,48.0,43.0,93.0,64.0,35.0,30.13,30.08,30.03,10.0,10.0,10.0,15.0,4.0,20.0,0.0,0.0,306.0,0,0,1,0,0,0
2033,39,117,2014,10,2,73.0,62.0,51.0,60.0,51.0,46.0,89.0,65.0,41.0,30.11,30.06,30.02,10.0,10.0,10.0,13.0,4.0,15.0,0.0,0.0,349.0,0,0,1,0,0,0
2035,23,117,2014,10,3,74.0,66.0,57.0,63.0,55.0,50.0,93.0,69.0,44.0,30.1,30.04,29.98,10.0,10.0,10.0,12.0,3.0,14.0,0.0,1.0,334.0,0,0,1,0,0,0
2044,31,117,2014,10,4,73.0,64.0,54.0,59.0,56.0,54.0,100.0,77.0,53.0,29.99,29.95,29.89,10.0,10.0,10.0,17.0,6.0,21.0,0.0,1.0,44.0,0,0,1,0,0,0
2051,6,117,2014,10,6,69.0,62.0,54.0,56.0,49.0,39.0,93.0,63.0,33.0,30.19,30.14,30.07,10.0,10.0,10.0,15.0,6.0,21.0,0.0,1.0,292.0,0,0,1,0,0,1
2055,40,117,2014,10,0,70.0,59.0,48.0,53.0,48.0,42.0,100.0,69.0,37.0,30.09,30.06,30.02,10.0,10.0,10.0,14.0,3.0,17.0,0.0,0.0,330.0,0,0,1,0,0,0
2060,47,117,2014,10,1,72.0,61.0,49.0,56.0,49.0,45.0,93.0,66.0,38.0,30.15,30.1,30.07,10.0,10.0,10.0,12.0,2.0,15.0,0.0,0.0,330.0,0,0,1,0,0,0
2064,31,117,2014,10,2,80.0,66.0,51.0,54.0,50.0,47.0,93.0,63.0,32.0,30.14,30.06,29.99,10.0,10.0,10.0,12.0,1.0,13.0,0.0,0.0,180.0,0,0,1,0,0,0
2072,51,117,2014,10,3,79.0,68.0,56.0,60.0,53.0,47.0,93.0,65.0,36.0,29.99,29.93,29.89,10.0,10.0,10.0,14.0,4.0,18.0,0.0,0.0,7.0,0,0,1,0,0,0
2075,29,117,2014,10,4,65.0,60.0,55.0,61.0,57.0,53.0,100.0,89.0,78.0,29.94,29.85,29.76,10.0,9.0,2.0,14.0,5.0,18.0,0.14,6.0,139.0,0,0,0,1,0,0
2079,6,117,2014,11,5,64.0,57.0,50.0,54.0,49.0,42.0,100.0,74.0,48.0,30.06,29.92,29.77,10.0,10.0,6.0,13.0,4.0,20.0,0.03,3.0,244.0,0,0,0,1,0,1
2085,6,117,2014,11,6,67.0,57.0,46.0,52.0,45.0,40.0,100.0,69.0,37.0,30.19,30.14,30.07,10.0,10.0,10.0,14.0,3.0,20.0,0.0,0.0,312.0,0,0,1,0,0,1
2089,43,117,2014,11,0,70.0,57.0,44.0,57.0,45.0,34.0,93.0,60.0,26.0,30.29,30.24,30.19,10.0,10.0,10.0,13.0,2.0,15.0,0.0,0.0,336.0,0,0,1,0,0,0
2094,42,117,2014,11,1,72.0,59.0,46.0,51.0,47.0,44.0,96.0,69.0,41.0,30.34,30.28,30.24,10.0,10.0,10.0,12.0,2.0,14.0,0.0,0.0,341.0,0,0,1,0,0,0
2100,39,117,2014,11,2,77.0,63.0,49.0,51.0,48.0,45.0,89.0,61.0,33.0,30.24,30.16,30.08,10.0,10.0,10.0,9.0,1.0,12.0,0.0,0.0,350.0,0,0,1,0,0,0
2107,32,117,2014,11,3,74.0,63.0,52.0,61.0,53.0,47.0,93.0,66.0,38.0,30.25,30.2,30.16,10.0,10.0,6.0,13.0,3.0,18.0,0.0,0.0,357.0,0,0,1,0,0,0
2110,22,117,2014,11,4,69.0,61.0,52.0,62.0,56.0,50.0,100.0,84.0,68.0,30.25,30.19,30.12,10.0,6.0,0.0,10.0,3.0,24.0,0.01,3.0,350.0,1,0,0,0,0,0
2113,10,117,2014,11,5,74.0,62.0,50.0,59.0,53.0,50.0,100.0,75.0,49.0,30.15,30.09,30.02,10.0,9.0,2.0,7.0,2.0,13.0,0.0,1.0,331.0,0,0,1,0,0,1
2119,8,117,2014,11,6,75.0,63.0,51.0,60.0,54.0,48.0,100.0,72.0,44.0,30.04,29.95,29.84,10.0,9.0,1.0,12.0,2.0,15.0,0.0,1.0,325.0,0,0,1,0,0,1
2123,40,117,2014,11,0,69.0,60.0,51.0,61.0,55.0,51.0,100.0,82.0,63.0,29.87,29.83,29.81,10.0,6.0,0.0,13.0,3.0,17.0,0.01,4.0,312.0,1,0,0,0,0,0
2128,32,117,2014,11,1,69.0,60.0,51.0,56.0,49.0,46.0,93.0,69.0,44.0,30.0,29.93,29.88,10.0,10.0,10.0,12.0,1.0,14.0,0.0,5.0,312.0,0,0,1,0,0,0
2133,43,117,2014,11,2,67.0,62.0,57.0,49.0,46.0,44.0,72.0,59.0,45.0,30.05,30.01,29.97,10.0,10.0,4.0,10.0,3.0,14.0,0.03,6.0,65.0,0,0,0,1,0,0
2138,26,117,2014,11,3,67.0,61.0,55.0,61.0,57.0,54.0,100.0,84.0,68.0,30.1,30.02,29.96,10.0,9.0,2.0,16.0,6.0,23.0,0.1,5.0,145.0,0,0,0,1,0,0
2142,25,117,2014,11,4,66.0,59.0,51.0,57.0,52.0,48.0,100.0,78.0,56.0,30.13,30.11,30.08,10.0,10.0,10.0,13.0,3.0,28.0,0.0,2.0,331.0,0,0,1,0,0,0
2153,3,117,2014,11,6,65.0,57.0,49.0,51.0,33.0,16.0,93.0,54.0,15.0,30.27,30.24,30.2,10.0,10.0,10.0,18.0,5.0,21.0,0.01,0.0,338.0,0,0,1,0,0,1
2158,35,117,2014,11,0,67.0,56.0,45.0,43.0,36.0,29.0,76.0,51.0,26.0,30.26,30.19,30.12,10.0,10.0,10.0,12.0,2.0,14.0,0.0,0.0,348.0,0,0,1,0,0,0
2163,40,117,2014,11,1,66.0,56.0,45.0,45.0,41.0,32.0,80.0,56.0,32.0,30.16,30.11,30.06,10.0,10.0,10.0,9.0,2.0,10.0,0.0,0.0,299.0,0,0,1,0,0,0
2170,36,117,2014,11,2,68.0,61.0,53.0,58.0,49.0,30.0,100.0,66.0,31.0,30.15,30.08,30.02,10.0,9.0,5.0,18.0,6.0,28.0,0.06,6.0,150.0,0,0,0,1,0,0
2174,23,117,2014,11,3,61.0,56.0,51.0,57.0,55.0,51.0,100.0,89.0,78.0,30.14,30.08,30.0,10.0,9.0,2.0,13.0,2.0,15.0,0.14,5.0,136.0,0,0,0,1,0,0
2178,26,117,2014,11,4,64.0,56.0,48.0,54.0,51.0,46.0,100.0,76.0,52.0,30.15,30.11,30.05,10.0,10.0,4.0,8.0,2.0,9.0,0.0,5.0,349.0,0,0,1,0,0,0
2187,7,117,2014,11,6,66.0,56.0,45.0,50.0,44.0,38.0,96.0,67.0,37.0,30.35,30.31,30.26,10.0,10.0,10.0,10.0,3.0,12.0,0.0,0.0,296.0,0,0,1,0,0,1
2192,25,117,2014,11,0,68.0,55.0,42.0,48.0,40.0,34.0,92.0,61.0,29.0,30.43,30.38,30.34,10.0,10.0,10.0,9.0,3.0,12.0,0.0,0.0,304.0,0,0,1,0,0,0
2199,26,117,2014,11,1,67.0,55.0,43.0,50.0,42.0,34.0,86.0,60.0,34.0,30.48,30.41,30.35,10.0,10.0,9.0,7.0,1.0,8.0,0.0,0.0,331.0,0,0,1,0,0,0
2204,15,117,2014,11,2,70.0,57.0,43.0,50.0,45.0,42.0,93.0,65.0,37.0,30.34,30.27,30.22,10.0,9.0,6.0,9.0,1.0,10.0,0.0,0.0,345.0,0,0,1,0,0,0
2205,2,117,2014,11,3,69.0,57.0,45.0,52.0,47.0,43.0,93.0,68.0,42.0,30.21,30.14,30.07,10.0,9.0,5.0,6.0,1.0,10.0,0.0,0.0,352.0,0,0,1,0,0,0
2210,3,117,2014,11,4,65.0,54.0,43.0,53.0,47.0,41.0,100.0,72.0,44.0,30.08,30.0,29.88,10.0,6.0,0.0,12.0,3.0,15.0,0.0,5.0,224.0,1,0,0,0,0,0
2216,5,117,2014,11,5,63.0,58.0,53.0,58.0,54.0,50.0,100.0,89.0,78.0,29.88,29.84,29.77,10.0,9.0,5.0,13.0,6.0,17.0,0.34,6.0,140.0,0,0,0,1,0,1
2225,36,117,2014,12,0,69.0,62.0,54.0,63.0,56.0,53.0,100.0,82.0,63.0,30.13,30.04,29.96,10.0,8.0,1.0,12.0,3.0,18.0,0.12,3.0,135.0,0,0,0,1,0,0
2228,14,117,2014,12,1,63.0,59.0,54.0,59.0,56.0,53.0,100.0,92.0,84.0,29.94,29.8,29.68,10.0,6.0,1.0,15.0,6.0,22.0,1.25,8.0,123.0,0,0,0,1,0,0
2232,16,117,2014,12,2,64.0,61.0,58.0,61.0,58.0,56.0,97.0,91.0,84.0,29.91,29.78,29.72,10.0,6.0,1.0,22.0,9.0,32.0,1.85,7.0,132.0,0,0,0,1,0,0
2238,27,117,2014,12,3,68.0,62.0,56.0,59.0,56.0,54.0,100.0,80.0,59.0,30.04,29.96,29.9,10.0,10.0,9.0,12.0,4.0,17.0,0.01,4.0,150.0,0,0,0,1,0,0
2245,21,117,2014,12,4,66.0,60.0,54.0,61.0,57.0,54.0,100.0,87.0,73.0,30.1,30.04,30.0,10.0,10.0,9.0,13.0,5.0,18.0,0.02,5.0,144.0,0,0,0,1,0,0
2249,5,117,2014,12,5,69.0,64.0,58.0,60.0,57.0,54.0,100.0,79.0,57.0,30.24,30.19,30.1,10.0,9.0,2.0,13.0,4.0,17.0,0.22,5.0,143.0,0,0,0,1,0,1
2251,5,117,2014,12,6,63.0,58.0,52.0,58.0,55.0,51.0,100.0,89.0,78.0,30.23,30.19,30.15,10.0,7.0,1.0,10.0,2.0,13.0,0.01,3.0,126.0,0,0,1,0,0,1
2255,38,117,2014,12,0,71.0,61.0,50.0,58.0,54.0,49.0,100.0,77.0,53.0,30.19,30.17,30.12,10.0,10.0,10.0,12.0,2.0,13.0,0.01,1.0,6.0,0,0,1,0,0,0
2259,37,117,2014,12,1,64.0,59.0,53.0,58.0,56.0,53.0,100.0,89.0,78.0,30.22,30.15,30.09,10.0,9.0,7.0,9.0,2.0,14.0,0.0,3.0,321.0,0,0,1,0,0,0
2268,34,117,2014,12,2,66.0,61.0,55.0,57.0,55.0,51.0,100.0,82.0,63.0,30.09,29.95,29.76,10.0,9.0,5.0,22.0,7.0,33.0,0.01,3.0,147.0,0,0,1,0,0,0
2269,5,117,2014,12,3,65.0,58.0,51.0,58.0,53.0,49.0,100.0,78.0,56.0,29.75,29.65,29.57,10.0,5.0,1.0,23.0,7.0,33.0,3.36,8.0,83.0,0,0,0,1,0,0
2275,10,117,2014,12,4,57.0,53.0,49.0,52.0,49.0,47.0,96.0,84.0,72.0,30.11,29.87,29.67,10.0,9.0,5.0,6.0,1.0,7.0,0.18,6.0,125.0,0,0,0,1,0,0
2279,2,117,2014,12,5,57.0,50.0,42.0,50.0,46.0,42.0,100.0,86.0,72.0,30.25,30.19,30.11,10.0,9.0,2.0,8.0,2.0,9.0,0.02,2.0,333.0,0,0,0,1,0,1
2284,3,117,2014,12,6,61.0,53.0,44.0,48.0,44.0,43.0,93.0,74.0,55.0,30.16,30.07,30.0,10.0,10.0,6.0,14.0,4.0,18.0,0.07,3.0,129.0,0,0,0,1,0,1
2290,21,117,2014,12,0,56.0,53.0,50.0,52.0,49.0,47.0,96.0,84.0,72.0,29.99,29.91,29.84,10.0,9.0,4.0,21.0,10.0,30.0,0.71,6.0,129.0,0,0,0,1,0,0
2293,28,117,2014,12,1,62.0,56.0,50.0,52.0,49.0,46.0,93.0,75.0,56.0,29.98,29.93,29.84,10.0,10.0,6.0,16.0,7.0,26.0,0.33,5.0,145.0,0,0,0,1,0,0
2298,18,117,2014,12,2,58.0,53.0,48.0,52.0,48.0,45.0,100.0,84.0,67.0,30.11,30.05,29.97,10.0,10.0,8.0,14.0,5.0,26.0,0.16,6.0,139.0,0,0,0,1,0,0
2305,22,117,2014,12,3,63.0,58.0,52.0,49.0,48.0,46.0,89.0,75.0,60.0,30.2,30.15,30.08,10.0,10.0,10.0,16.0,7.0,25.0,0.0,5.0,142.0,0,0,1,0,0,0
2307,22,117,2014,12,4,59.0,56.0,53.0,54.0,52.0,48.0,93.0,83.0,72.0,30.19,30.16,30.13,10.0,10.0,5.0,20.0,8.0,25.0,0.13,8.0,131.0,0,0,0,1,0,0
2311,2,117,2014,12,5,61.0,58.0,55.0,56.0,53.0,51.0,93.0,83.0,72.0,30.27,30.2,30.14,10.0,8.0,3.0,7.0,1.0,9.0,0.01,8.0,75.0,0,0,1,0,0,1
2318,3,117,2014,12,6,65.0,61.0,56.0,58.0,55.0,52.0,93.0,83.0,72.0,30.34,30.3,30.26,10.0,10.0,7.0,14.0,4.0,16.0,0.0,7.0,352.0,0,0,1,0,0,1
2320,21,117,2014,12,0,64.0,58.0,52.0,57.0,55.0,50.0,93.0,80.0,67.0,30.31,30.26,30.2,10.0,7.0,0.0,12.0,2.0,14.0,0.0,5.0,332.0,1,0,0,0,0,0
2325,15,117,2014,12,1,69.0,59.0,49.0,53.0,49.0,47.0,96.0,73.0,49.0,30.24,30.18,30.14,10.0,10.0,10.0,10.0,3.0,14.0,0.0,0.0,307.0,0,0,1,0,0,0
2330,4,117,2014,12,2,62.0,55.0,48.0,54.0,48.0,37.0,100.0,82.0,63.0,30.14,30.07,29.98,10.0,6.0,0.0,21.0,5.0,29.0,0.06,5.0,291.0,0,1,0,0,0,0
2334,2,117,2014,12,3,57.0,51.0,44.0,40.0,36.0,33.0,71.0,56.0,40.0,30.17,30.12,30.07,10.0,10.0,10.0,18.0,8.0,26.0,0.0,0.0,303.0,0,0,1,0,0,0
2338,7,117,2014,12,4,59.0,50.0,40.0,38.0,32.0,28.0,76.0,55.0,33.0,30.29,30.2,30.12,10.0,10.0,10.0,15.0,4.0,18.0,0.0,0.0,307.0,0,0,1,0,0,0
2347,6,117,2014,12,6,58.0,48.0,38.0,41.0,39.0,34.0,92.0,72.0,51.0,30.38,30.3,30.26,10.0,10.0,10.0,9.0,2.0,10.0,0.0,2.0,330.0,0,0,1,0,0,1
2352,15,117,2014,12,0,56.0,49.0,41.0,43.0,40.0,36.0,89.0,74.0,59.0,30.25,30.19,30.13,10.0,10.0,10.0,14.0,3.0,24.0,0.0,2.0,337.0,0,0,1,0,0,0
2355,8,117,2014,12,1,55.0,46.0,37.0,37.0,26.0,14.0,85.0,55.0,24.0,30.26,30.18,30.13,10.0,10.0,10.0,31.0,12.0,40.0,0.0,0.0,351.0,0,0,1,0,0,0
2359,4,117,2014,12,2,57.0,47.0,37.0,23.0,15.0,8.0,54.0,35.0,15.0,30.29,30.19,30.09,10.0,10.0,10.0,23.0,5.0,26.0,0.0,0.0,335.0,0,0,1,0,0,0
2362,3,117,2015,1,3,54.0,43.0,32.0,28.0,24.0,16.0,64.0,45.0,26.0,30.19,30.14,30.09,10.0,10.0,10.0,14.0,2.0,16.0,0.0,0.0,311.0,0,0,1,0,0,0
2369,12,117,2015,1,4,53.0,43.0,32.0,35.0,29.0,25.0,75.0,57.0,38.0,30.25,30.19,30.14,10.0,10.0,9.0,8.0,2.0,9.0,0.0,0.0,337.0,0,0,1,0,0,0
2372,6,117,2015,1,5,55.0,43.0,31.0,36.0,32.0,28.0,82.0,62.0,41.0,30.34,30.27,30.21,10.0,9.0,8.0,9.0,1.0,22.0,0.0,0.0,349.0,0,0,1,0,0,1
2378,2,117,2015,1,6,56.0,46.0,36.0,40.0,36.0,32.0,92.0,70.0,47.0,30.44,30.39,30.34,9.0,8.0,6.0,9.0,2.0,10.0,0.0,0.0,348.0,0,0,0,1,0,1
2381,25,117,2015,1,0,60.0,49.0,38.0,40.0,37.0,34.0,85.0,65.0,44.0,30.41,30.33,30.25,10.0,8.0,6.0,12.0,2.0,18.0,0.0,0.0,326.0,0,0,1,0,0,0
2389,35,117,2015,1,1,63.0,52.0,41.0,42.0,39.0,36.0,82.0,64.0,46.0,30.3,30.23,30.18,10.0,8.0,6.0,8.0,1.0,10.0,0.0,0.0,338.0,0,0,1,0,0,0
2394,35,117,2015,1,2,67.0,53.0,39.0,44.0,41.0,37.0,86.0,63.0,40.0,30.25,30.16,30.09,10.0,10.0,8.0,6.0,1.0,16.0,0.0,0.0,346.0,0,0,1,0,0,0
2398,35,117,2015,1,3,59.0,52.0,44.0,46.0,44.0,40.0,86.0,74.0,62.0,30.12,30.06,30.02,10.0,9.0,7.0,7.0,1.0,7.0,0.0,0.0,348.0,0,0,1,0,0,0
2402,27,117,2015,1,4,65.0,56.0,47.0,50.0,46.0,44.0,93.0,71.0,48.0,30.05,30.02,29.98,10.0,8.0,5.0,8.0,1.0,9.0,0.0,0.0,335.0,0,0,1,0,0,0
2405,2,117,2015,1,5,60.0,53.0,46.0,50.0,47.0,45.0,93.0,79.0,64.0,30.06,30.01,29.97,10.0,7.0,5.0,8.0,2.0,8.0,0.0,2.0,301.0,0,0,1,0,0,1
2413,7,117,2015,1,6,56.0,49.0,42.0,49.0,46.0,39.0,100.0,89.0,77.0,30.2,30.11,30.03,10.0,4.0,0.0,9.0,1.0,13.0,0.0,4.0,346.0,1,0,0,0,0,1
2418,36,117,2015,1,0,60.0,51.0,41.0,49.0,45.0,39.0,96.0,80.0,64.0,30.29,30.23,30.21,10.0,9.0,7.0,10.0,1.0,12.0,0.01,0.0,343.0,0,0,1,0,0,0
2421,46,117,2015,1,1,64.0,53.0,41.0,48.0,42.0,37.0,100.0,70.0,39.0,30.24,30.19,30.12,10.0,6.0,0.0,22.0,3.0,25.0,0.0,1.0,9.0,0,1,0,0,0,0
2426,27,117,2015,1,2,63.0,50.0,37.0,46.0,40.0,33.0,85.0,66.0,47.0,30.31,30.23,30.18,10.0,9.0,6.0,8.0,2.0,9.0,0.0,0.0,339.0,0,0,1,0,0,0
2430,25,117,2015,1,3,62.0,51.0,39.0,48.0,44.0,38.0,89.0,70.0,51.0,30.35,30.29,30.25,9.0,6.0,4.0,12.0,2.0,14.0,0.0,0.0,337.0,0,0,1,0,0,0
2439,26,117,2015,1,4,64.0,54.0,44.0,51.0,47.0,43.0,93.0,75.0,56.0,30.32,30.27,30.23,10.0,6.0,4.0,8.0,2.0,10.0,0.0,4.0,314.0,0,0,1,0,0,0
2442,5,117,2015,1,5,61.0,54.0,47.0,51.0,48.0,45.0,93.0,81.0,69.0,30.31,30.27,30.21,10.0,6.0,2.0,8.0,2.0,10.0,0.0,3.0,306.0,0,0,1,0,0,1
2444,7,117,2015,1,6,61.0,55.0,48.0,53.0,50.0,46.0,93.0,86.0,78.0,30.35,30.29,30.27,10.0,6.0,2.0,10.0,1.0,12.0,0.0,3.0,358.0,0,0,1,0,0,1
2450,13,117,2015,1,0,61.0,54.0,46.0,54.0,51.0,44.0,100.0,82.0,64.0,30.31,30.26,30.19,10.0,7.0,0.0,9.0,3.0,12.0,0.0,6.0,332.0,1,0,0,0,0,0
2455,27,117,2015,1,1,62.0,54.0,45.0,49.0,46.0,40.0,100.0,75.0,49.0,30.19,30.14,30.07,10.0,7.0,0.0,7.0,2.0,10.0,0.0,4.0,314.0,1,0,0,0,0,0
2460,27,117,2015,1,2,62.0,52.0,42.0,45.0,40.0,38.0,89.0,68.0,46.0,30.2,30.15,30.1,10.0,10.0,9.0,12.0,3.0,28.0,0.0,0.0,325.0,0,0,1,0,0,0
2467,29,117,2015,1,3,58.0,50.0,41.0,43.0,40.0,36.0,83.0,70.0,57.0,30.37,30.29,30.21,10.0,10.0,8.0,12.0,3.0,15.0,0.0,0.0,347.0,0,0,1,0,0,0
2470,26,117,2015,1,4,68.0,54.0,40.0,43.0,40.0,37.0,89.0,62.0,34.0,30.38,30.32,30.25,10.0,10.0,7.0,9.0,3.0,13.0,0.0,0.0,321.0,0,0,1,0,0,0
2475,14,117,2015,1,5,70.0,59.0,48.0,46.0,40.0,33.0,77.0,52.0,26.0,30.25,30.19,30.11,10.0,10.0,10.0,16.0,5.0,21.0,0.0,0.0,325.0,0,0,1,0,0,1
2479,3,117,2015,1,6,65.0,55.0,44.0,45.0,42.0,40.0,89.0,65.0,40.0,30.16,30.1,30.02,10.0,10.0,8.0,9.0,3.0,12.0,0.0,0.0,308.0,0,0,1,0,0,1
2483,44,117,2015,1,0,66.0,54.0,42.0,46.0,42.0,37.0,83.0,64.0,44.0,30.06,30.02,29.97,10.0,10.0,10.0,8.0,1.0,9.0,0.0,0.0,8.0,0,0,1,0,0,0
2489,39,117,2015,1,1,69.0,60.0,50.0,48.0,44.0,41.0,77.0,57.0,37.0,30.27,30.18,30.04,10.0,10.0,10.0,14.0,5.0,18.0,0.0,5.0,48.0,0,0,1,0,0,0
2497,34,117,2015,1,2,67.0,56.0,44.0,50.0,45.0,42.0,92.0,69.0,45.0,30.29,30.23,30.17,10.0,10.0,7.0,8.0,2.0,10.0,0.0,0.0,336.0,0,0,1,0,0,0
2500,26,117,2015,1,3,67.0,56.0,45.0,51.0,47.0,42.0,96.0,74.0,52.0,30.18,30.14,30.08,10.0,8.0,1.0,12.0,2.0,13.0,0.0,3.0,5.0,0,0,1,0,0,0
2503,30,117,2015,1,4,64.0,56.0,48.0,51.0,48.0,45.0,93.0,77.0,60.0,30.07,30.01,29.91,10.0,8.0,5.0,13.0,2.0,17.0,0.0,3.0,346.0,0,0,1,0,0,0
2510,5,117,2015,1,5,73.0,59.0,45.0,45.0,34.0,25.0,93.0,55.0,16.0,30.07,29.99,29.93,10.0,10.0,10.0,9.0,2.0,13.0,0.0,0.0,286.0,0,0,1,0,0,1
2513,14,117,2015,2,6,66.0,53.0,40.0,47.0,40.0,31.0,83.0,59.0,34.0,30.18,30.14,30.07,10.0,10.0,10.0,12.0,1.0,15.0,0.0,0.0,345.0,0,0,1,0,0,1
2517,40,117,2015,2,0,69.0,57.0,44.0,48.0,45.0,40.0,82.0,66.0,49.0,30.21,30.15,30.09,10.0,9.0,6.0,9.0,2.0,10.0,0.0,0.0,340.0,0,0,1,0,0,0
2525,45,117,2015,2,1,71.0,60.0,48.0,51.0,48.0,44.0,86.0,67.0,47.0,30.14,30.1,30.06,10.0,8.0,4.0,10.0,1.0,12.0,0.0,0.0,347.0,0,0,1,0,0,0
2529,33,117,2015,2,2,65.0,56.0,47.0,53.0,49.0,44.0,93.0,78.0,63.0,30.1,30.06,30.03,10.0,9.0,5.0,12.0,2.0,16.0,0.0,0.0,328.0,0,0,1,0,0,0
2533,25,117,2015,2,3,65.0,57.0,49.0,50.0,47.0,45.0,89.0,72.0,55.0,30.07,29.99,29.92,10.0,10.0,9.0,17.0,6.0,28.0,0.0,0.0,162.0,0,0,1,0,0,0
2536,14,117,2015,2,4,64.0,62.0,59.0,58.0,54.0,43.0,90.0,71.0,51.0,29.95,29.88,29.84,10.0,7.0,2.0,26.0,14.0,36.0,1.3,6.0,143.0,0,0,0,1,0,0
2539,2,117,2015,2,5,69.0,64.0,58.0,61.0,57.0,54.0,90.0,79.0,68.0,30.09,30.04,29.97,10.0,7.0,1.0,15.0,5.0,25.0,0.37,6.0,142.0,0,0,0,1,0,1
2549,35,117,2015,2,0,67.0,60.0,52.0,54.0,50.0,46.0,86.0,69.0,52.0,30.28,30.22,30.08,10.0,10.0,10.0,16.0,5.0,24.0,0.0,3.0,266.0,0,0,1,0,0,0
2553,29,117,2015,2,1,64.0,55.0,45.0,47.0,45.0,42.0,93.0,72.0,51.0,30.24,30.18,30.1,10.0,10.0,10.0,17.0,3.0,22.0,0.01,0.0,323.0,0,0,1,0,0,0
2558,34,117,2015,2,2,68.0,56.0,43.0,49.0,45.0,41.0,89.0,67.0,45.0,30.2,30.16,30.12,10.0,10.0,10.0,9.0,2.0,12.0,0.0,0.0,317.0,0,0,1,0,0,0
2565,37,117,2015,2,3,73.0,60.0,47.0,53.0,49.0,45.0,86.0,65.0,44.0,30.23,30.18,30.14,10.0,10.0,10.0,9.0,2.0,12.0,0.0,0.0,346.0,0,0,1,0,0,0
2568,20,117,2015,2,4,75.0,62.0,48.0,55.0,49.0,45.0,89.0,68.0,46.0,30.18,30.12,30.07,10.0,10.0,10.0,10.0,1.0,13.0,0.0,0.0,351.0,0,0,1,0,0,0
2572,9,117,2015,2,5,72.0,60.0,47.0,55.0,50.0,44.0,93.0,73.0,53.0,30.14,30.08,30.04,10.0,10.0,10.0,9.0,2.0,15.0,0.0,0.0,347.0,0,0,1,0,0,1
2579,4,117,2015,2,6,75.0,60.0,45.0,54.0,45.0,41.0,82.0,57.0,31.0,30.07,30.03,29.98,10.0,10.0,10.0,8.0,2.0,10.0,0.0,0.0,351.0,0,0,1,0,0,1
2583,10,117,2015,2,0,72.0,60.0,47.0,54.0,48.0,41.0,93.0,67.0,41.0,30.06,30.01,29.96,10.0,9.0,6.0,13.0,4.0,14.0,0.0,1.0,354.0,0,0,1,0,0,0
2589,37,117,2015,2,1,57.0,56.0,54.0,53.0,51.0,47.0,89.0,83.0,77.0,30.2,30.14,30.06,10.0,7.0,4.0,9.0,4.0,12.0,0.0,8.0,353.0,0,0,1,0,0,0
2595,43,117,2015,2,2,64.0,58.0,52.0,52.0,49.0,46.0,93.0,78.0,63.0,30.25,30.19,30.13,10.0,10.0,10.0,10.0,2.0,15.0,0.0,4.0,349.0,0,0,1,0,0,0
2597,25,117,2015,2,3,64.0,58.0,52.0,52.0,51.0,50.0,93.0,78.0,63.0,30.18,30.13,30.06,10.0,8.0,3.0,9.0,2.0,13.0,0.0,5.0,11.0,0,0,1,0,0,0
2602,33,117,2015,2,4,71.0,62.0,52.0,54.0,50.0,46.0,93.0,69.0,44.0,30.1,30.03,29.95,10.0,8.0,3.0,10.0,2.0,14.0,0.0,3.0,351.0,0,0,1,0,0,0
2608,3,117,2015,2,5,71.0,59.0,46.0,50.0,46.0,39.0,86.0,60.0,33.0,29.99,29.92,29.85,10.0,10.0,10.0,15.0,3.0,20.0,0.0,1.0,3.0,0,0,1,0,0,1
2611,7,117,2015,2,6,66.0,57.0,48.0,49.0,38.0,24.0,86.0,56.0,26.0,29.91,29.87,29.84,10.0,10.0,8.0,20.0,7.0,25.0,0.0,1.0,3.0,0,0,1,0,0,1
2613,33,117,2015,2,0,62.0,54.0,46.0,30.0,24.0,19.0,46.0,35.0,23.0,30.25,30.08,29.91,10.0,10.0,10.0,23.0,9.0,28.0,0.0,0.0,11.0,0,0,1,0,0,0
2620,37,117,2015,2,1,67.0,53.0,38.0,44.0,31.0,18.0,70.0,43.0,16.0,30.38,30.32,30.27,10.0,10.0,10.0,13.0,3.0,16.0,0.0,0.0,343.0,0,0,1,0,0,0
2624,29,117,2015,2,2,66.0,53.0,39.0,50.0,42.0,32.0,83.0,60.0,37.0,30.32,30.22,30.11,10.0,10.0,10.0,17.0,4.0,21.0,0.0,0.0,1.0,0,0,1,0,0,0
2628,38,117,2015,2,3,69.0,57.0,45.0,52.0,46.0,42.0,93.0,69.0,45.0,30.11,30.03,29.94,10.0,10.0,10.0,17.0,4.0,20.0,0.0,0.0,348.0,0,0,1,0,0,0
2633,24,117,2015,2,4,63.0,58.0,52.0,50.0,46.0,41.0,83.0,67.0,51.0,29.94,29.86,29.78,10.0,10.0,10.0,17.0,8.0,28.0,0.0,3.0,294.0,0,0,1,0,0,0
2643,3,117,2015,3,6,64.0,52.0,40.0,46.0,40.0,36.0,100.0,68.0,36.0,30.02,29.97,29.92,10.0,10.0,10.0,13.0,4.0,16.0,0.0,0.0,340.0,0,0,1,0,0,1
2648,38,117,2015,3,0,61.0,52.0,42.0,45.0,41.0,37.0,83.0,65.0,46.0,30.01,29.88,29.82,10.0,10.0,10.0,12.0,4.0,15.0,0.05,2.0,191.0,0,0,0,1,0,0
2655,32,117,2015,3,1,64.0,53.0,41.0,49.0,44.0,39.0,89.0,69.0,48.0,30.08,30.03,29.98,10.0,10.0,10.0,15.0,4.0,17.0,0.0,0.0,351.0,0,0,1,0,0,0
2658,30,117,2015,3,2,67.0,55.0,43.0,46.0,39.0,32.0,89.0,59.0,28.0,30.25,30.15,30.06,10.0,10.0,10.0,8.0,3.0,10.0,0.0,0.0,5.0,0,0,1,0,0,0
2661,30,117,2015,3,3,71.0,57.0,43.0,45.0,39.0,37.0,76.0,54.0,31.0,30.36,30.3,30.25,10.0,10.0,10.0,9.0,3.0,12.0,0.0,0.0,333.0,0,0,1,0,0,0
2670,21,117,2015,3,4,73.0,58.0,42.0,49.0,42.0,37.0,76.0,56.0,35.0,30.32,30.24,30.16,10.0,10.0,10.0,12.0,3.0,14.0,0.0,0.0,1.0,0,0,1,0,0,0
2673,9,117,2015,3,5,74.0,59.0,44.0,51.0,43.0,36.0,77.0,55.0,33.0,30.15,30.09,30.01,10.0,10.0,10.0,10.0,3.0,14.0,0.0,0.0,338.0,0,0,1,0,0,1
2678,6,117,2015,3,6,68.0,60.0,51.0,52.0,49.0,46.0,89.0,69.0,48.0,30.14,30.07,30.0,10.0,9.0,6.0,13.0,5.0,17.0,0.0,3.0,339.0,0,0,1,0,0,1
2684,27,117,2015,3,0,69.0,60.0,51.0,53.0,50.0,48.0,89.0,72.0,55.0,30.09,30.02,29.94,10.0,10.0,7.0,10.0,3.0,13.0,0.0,3.0,350.0,0,0,1,0,0,0
2688,39,117,2015,3,1,67.0,59.0,51.0,54.0,52.0,48.0,93.0,80.0,67.0,30.03,29.96,29.93,10.0,8.0,3.0,17.0,4.0,22.0,0.0,3.0,347.0,0,0,1,0,0,0
2693,30,117,2015,3,2,70.0,62.0,54.0,54.0,52.0,46.0,93.0,69.0,45.0,30.27,30.13,30.02,10.0,9.0,4.0,20.0,6.0,22.0,0.08,6.0,6.0,0,0,0,1,0,0
2696,32,117,2015,3,3,73.0,62.0,51.0,53.0,50.0,46.0,89.0,69.0,49.0,30.3,30.23,30.15,10.0,10.0,10.0,14.0,4.0,16.0,0.0,2.0,305.0,0,0,1,0,0,0
2702,28,117,2015,3,4,76.0,63.0,50.0,55.0,51.0,48.0,86.0,62.0,38.0,30.2,30.15,30.08,10.0,10.0,10.0,14.0,3.0,17.0,0.0,0.0,342.0,0,0,1,0,0,0
2706,14,117,2015,3,5,83.0,69.0,54.0,59.0,53.0,40.0,86.0,60.0,33.0,30.14,30.06,29.97,10.0,10.0,10.0,12.0,3.0,14.0,0.0,0.0,5.0,0,0,1,0,0,1
2711,7,117,2015,3,6,74.0,66.0,57.0,53.0,43.0,37.0,58.0,45.0,31.0,30.1,30.04,30.0,10.0,10.0,10.0,23.0,7.0,25.0,0.0,0.0,11.0,0,0,1,0,0,1
2717,37,117,2015,3,0,72.0,63.0,53.0,52.0,46.0,40.0,69.0,57.0,44.0,30.07,30.04,30.01,10.0,10.0,10.0,14.0,3.0,22.0,0.0,0.0,334.0,0,0,1,0,0,0
2721,33,117,2015,3,1,68.0,60.0,52.0,53.0,48.0,42.0,86.0,64.0,42.0,30.16,30.1,30.05,10.0,10.0,10.0,18.0,7.0,22.0,0.0,0.0,334.0,0,0,1,0,0,0
2726,33,117,2015,3,2,71.0,60.0,48.0,52.0,47.0,42.0,80.0,60.0,40.0,30.1,30.06,30.01,10.0,10.0,10.0,18.0,5.0,22.0,0.0,0.0,345.0,0,0,1,0,0,0
2730,34,117,2015,3,3,78.0,64.0,49.0,53.0,48.0,39.0,83.0,55.0,27.0,30.09,30.06,30.0,10.0,10.0,10.0,15.0,4.0,18.0,0.0,0.0,344.0,0,0,1,0,0,0
2736,25,117,2015,3,4,70.0,60.0,49.0,50.0,46.0,41.0,80.0,58.0,36.0,30.19,30.12,30.06,10.0,10.0,10.0,18.0,4.0,22.0,0.0,0.0,348.0,0,0,1,0,0,0
2743,8,117,2015,3,5,71.0,61.0,50.0,54.0,50.0,43.0,86.0,67.0,47.0,30.2,30.16,30.11,10.0,10.0,10.0,17.0,5.0,22.0,0.0,2.0,340.0,0,0,1,0,0,1
2746,8,117,2015,3,6,69.0,62.0,55.0,55.0,50.0,45.0,86.0,67.0,48.0,30.22,30.17,30.14,10.0,10.0,5.0,18.0,6.0,24.0,0.03,5.0,205.0,0,0,0,1,0,1
2751,33,117,2015,3,0,65.0,59.0,53.0,52.0,47.0,37.0,93.0,69.0,44.0,30.33,30.27,30.22,10.0,10.0,10.0,24.0,7.0,28.0,0.0,3.0,328.0,0,0,0,1,0,0
2757,38,117,2015,3,1,67.0,59.0,50.0,53.0,48.0,42.0,77.0,68.0,58.0,30.33,30.29,30.24,10.0,10.0,10.0,17.0,7.0,21.0,0.0,2.0,341.0,0,0,1,0,0,0
2762,34,117,2015,3,2,74.0,62.0,50.0,54.0,50.0,47.0,89.0,65.0,41.0,30.27,30.22,30.16,10.0,10.0,10.0,15.0,5.0,17.0,0.0,0.0,333.0,0,0,1,0,0,0
2766,33,117,2015,3,3,84.0,68.0,52.0,58.0,52.0,47.0,89.0,61.0,33.0,30.19,30.13,30.06,10.0,10.0,10.0,12.0,3.0,13.0,0.0,0.0,355.0,0,0,1,0,0,0
2771,29,117,2015,3,4,67.0,61.0,55.0,56.0,53.0,48.0,93.0,81.0,68.0,30.2,30.15,30.1,10.0,10.0,10.0,20.0,7.0,23.0,0.0,0.0,336.0,0,0,1,0,0,0
2775,9,117,2015,3,5,78.0,64.0,50.0,53.0,49.0,45.0,89.0,61.0,32.0,30.21,30.15,30.08,10.0,10.0,10.0,16.0,5.0,21.0,0.0,0.0,346.0,0,0,1,0,0,1
2778,12,117,2015,3,6,77.0,62.0,47.0,54.0,50.0,45.0,83.0,60.0,36.0,30.14,30.09,30.02,10.0,10.0,10.0,17.0,3.0,21.0,0.0,0.0,342.0,0,0,1,0,0,1
2784,39,117,2015,3,0,67.0,59.0,51.0,54.0,49.0,44.0,83.0,64.0,45.0,30.12,30.07,30.03,10.0,10.0,10.0,23.0,6.0,25.0,0.0,0.0,343.0,0,0,1,0,0,0
2790,31,117,2015,3,1,68.0,59.0,50.0,50.0,43.0,37.0,77.0,57.0,37.0,30.21,30.17,30.12,10.0,10.0,10.0,18.0,8.0,28.0,0.0,1.0,311.0,0,0,1,0,0,0
2795,31,117,2015,4,2,66.0,57.0,47.0,41.0,37.0,32.0,61.0,48.0,34.0,30.22,30.16,30.11,10.0,10.0,10.0,21.0,7.0,24.0,0.0,0.0,304.0,0,0,1,0,0,0
2798,37,117,2015,4,3,70.0,58.0,45.0,41.0,33.0,25.0,71.0,46.0,20.0,30.22,30.18,30.14,10.0,10.0,10.0,16.0,5.0,22.0,0.0,0.0,315.0,0,0,1,0,0,0
2806,25,117,2015,4,4,69.0,57.0,44.0,48.0,36.0,26.0,66.0,46.0,25.0,30.24,30.18,30.12,10.0,10.0,10.0,20.0,5.0,23.0,0.0,0.0,344.0,0,0,1,0,0,0
2811,8,117,2015,4,5,67.0,55.0,43.0,44.0,37.0,33.0,71.0,51.0,31.0,30.14,30.07,30.01,10.0,10.0,10.0,23.0,7.0,26.0,0.0,0.0,325.0,0,0,1,0,0,1
2815,14,117,2015,4,6,62.0,53.0,44.0,46.0,39.0,35.0,76.0,58.0,39.0,30.01,29.95,29.92,10.0,10.0,7.0,18.0,5.0,24.0,0.03,2.0,246.0,0,0,0,1,0,1
2818,39,117,2015,4,0,63.0,52.0,41.0,43.0,37.0,33.0,76.0,55.0,34.0,30.0,29.95,29.88,10.0,10.0,10.0,15.0,7.0,20.0,0.0,1.0,153.0,0,0,1,0,0,0
2825,33,117,2015,4,1,61.0,55.0,48.0,50.0,43.0,37.0,93.0,68.0,42.0,30.09,29.92,29.81,10.0,8.0,2.0,18.0,7.0,28.0,0.57,4.0,216.0,0,0,0,1,0,0
2829,35,117,2015,4,2,64.0,56.0,48.0,44.0,42.0,39.0,66.0,55.0,43.0,30.2,30.14,30.09,10.0,10.0,10.0,15.0,5.0,20.0,0.0,3.0,313.0,0,0,1,0,0,0
2836,23,117,2015,4,3,69.0,57.0,45.0,46.0,41.0,35.0,82.0,57.0,32.0,30.11,30.03,29.95,10.0,10.0,10.0,15.0,4.0,18.0,0.0,0.0,344.0,0,0,1,0,0,0
2839,42,117,2015,4,4,68.0,58.0,47.0,47.0,43.0,36.0,80.0,61.0,42.0,30.09,30.04,30.0,10.0,10.0,10.0,17.0,6.0,21.0,0.0,0.0,352.0,0,0,1,0,0,0
2844,13,117,2015,4,5,72.0,60.0,47.0,50.0,44.0,36.0,83.0,61.0,38.0,30.11,30.07,30.03,10.0,10.0,10.0,20.0,5.0,23.0,0.0,0.0,341.0,0,0,1,0,0,1
2847,2,117,2015,4,6,76.0,62.0,48.0,52.0,47.0,44.0,83.0,58.0,33.0,30.07,30.03,29.96,10.0,10.0,10.0,15.0,5.0,18.0,0.0,0.0,350.0,0,0,1,0,0,1
2852,38,117,2015,4,0,67.0,60.0,52.0,50.0,47.0,39.0,83.0,63.0,42.0,30.19,30.1,30.03,10.0,10.0,10.0,24.0,8.0,28.0,0.0,2.0,334.0,0,0,1,0,0,0
2857,35,117,2015,4,1,65.0,57.0,48.0,45.0,34.0,26.0,66.0,45.0,24.0,30.36,30.28,30.19,10.0,10.0,10.0,17.0,9.0,23.0,0.0,0.0,309.0,0,0,1,0,0,0
2861,38,117,2015,4,2,73.0,61.0,49.0,43.0,36.0,31.0,66.0,44.0,22.0,30.25,30.13,30.02,10.0,10.0,10.0,15.0,5.0,21.0,0.0,0.0,311.0,0,0,1,0,0,0
2867,30,117,2015,4,3,80.0,66.0,51.0,42.0,33.0,26.0,50.0,33.0,16.0,30.09,30.03,29.97,10.0,10.0,10.0,13.0,5.0,18.0,0.0,0.0,337.0,0,0,1,0,0,0
2871,30,117,2015,4,4,75.0,63.0,51.0,51.0,43.0,33.0,83.0,52.0,21.0,30.11,30.07,30.02,10.0,10.0,10.0,16.0,6.0,20.0,0.0,0.0,339.0,0,0,1,0,0,0
2879,3,117,2015,4,5,71.0,62.0,53.0,54.0,50.0,46.0,86.0,67.0,47.0,30.08,30.02,29.94,10.0,9.0,6.0,16.0,5.0,18.0,0.0,2.0,334.0,0,0,1,0,0,1
2880,5,117,2015,4,6,67.0,60.0,52.0,54.0,51.0,47.0,93.0,76.0,58.0,30.0,29.95,29.9,10.0,10.0,8.0,18.0,7.0,22.0,0.0,4.0,2.0,0,0,1,0,0,1
2886,33,117,2015,4,0,65.0,60.0,54.0,52.0,51.0,48.0,86.0,75.0,63.0,29.92,29.89,29.85,10.0,10.0,10.0,18.0,7.0,22.0,0.0,4.0,6.0,0,0,1,0,0,0
2891,37,117,2015,4,1,67.0,61.0,54.0,50.0,47.0,46.0,83.0,68.0,52.0,29.93,29.89,29.86,10.0,10.0,10.0,17.0,5.0,21.0,0.0,6.0,277.0,0,0,1,0,0,0
2898,25,117,2015,4,2,70.0,60.0,50.0,52.0,48.0,45.0,83.0,68.0,52.0,29.92,29.88,29.86,10.0,10.0,10.0,18.0,6.0,22.0,0.0,2.0,45.0,0,0,1,0,0,0
2901,33,117,2015,4,3,70.0,62.0,53.0,51.0,47.0,42.0,77.0,63.0,48.0,29.94,29.89,29.85,10.0,10.0,10.0,18.0,6.0,26.0,0.0,4.0,92.0,0,0,1,0,0,0
2905,31,117,2015,4,4,67.0,59.0,50.0,49.0,42.0,34.0,77.0,56.0,34.0,30.05,30.01,29.94,10.0,10.0,10.0,17.0,7.0,23.0,0.0,2.0,272.0,0,0,1,0,0,0
2909,3,117,2015,4,5,64.0,58.0,52.0,54.0,48.0,38.0,93.0,71.0,48.0,30.1,29.99,29.91,10.0,10.0,5.0,18.0,7.0,22.0,0.28,4.0,301.0,0,0,0,1,0,1
2914,5,117,2015,4,6,72.0,60.0,48.0,50.0,43.0,35.0,80.0,57.0,33.0,30.18,30.12,30.08,10.0,10.0,10.0,20.0,7.0,25.0,0.0,0.0,350.0,0,0,1,0,0,1
2918,25,117,2015,4,0,85.0,69.0,52.0,57.0,50.0,47.0,86.0,58.0,29.0,30.08,30.02,29.94,10.0,10.0,10.0,20.0,7.0,23.0,0.0,0.0,350.0,0,0,1,0,0,0
2922,30,117,2015,4,1,75.0,65.0,54.0,53.0,51.0,49.0,93.0,70.0,47.0,30.08,30.05,30.02,10.0,10.0,10.0,21.0,8.0,23.0,0.0,3.0,10.0,0,0,1,0,0,0
2928,43,117,2015,4,2,84.0,70.0,55.0,53.0,51.0,49.0,77.0,55.0,32.0,30.05,30.0,29.92,10.0,10.0,9.0,16.0,6.0,21.0,0.0,1.0,9.0,0,0,1,0,0,0
2935,32,117,2015,4,3,99.0,74.0,57.0,51.0,46.0,40.0,72.0,44.0,15.0,29.91,29.85,29.78,10.0,10.0,9.0,10.0,4.0,13.0,0.0,0.0,338.0,0,0,1,0,0,0
2955,43,117,2015,5,0,64.0,58.0,53.0,48.0,45.0,44.0,71.0,62.0,52.0,30.01,29.98,29.94,10.0,10.0,10.0,17.0,7.0,25.0,0.0,4.0,313.0,0,0,1,0,0,0
2959,45,117,2015,5,1,68.0,59.0,50.0,48.0,43.0,40.0,80.0,60.0,40.0,30.0,29.96,29.92,10.0,10.0,10.0,17.0,6.0,24.0,0.0,0.0,257.0,0,0,1,0,0,0
2963,38,117,2015,5,2,70.0,59.0,48.0,51.0,44.0,38.0,86.0,62.0,37.0,29.95,29.88,29.82,10.0,10.0,10.0,22.0,7.0,26.0,0.0,1.0,298.0,0,0,1,0,0,0
2967,29,117,2015,5,3,62.0,56.0,49.0,48.0,45.0,38.0,86.0,65.0,44.0,29.83,29.79,29.76,10.0,10.0,6.0,12.0,4.0,16.0,0.04,3.0,147.0,0,0,0,1,0,0
2972,24,117,2015,5,4,71.0,60.0,49.0,52.0,48.0,45.0,83.0,64.0,45.0,30.05,29.9,29.78,10.0,10.0,10.0,20.0,8.0,23.0,0.0,1.0,12.0,0,0,1,0,0,0
2977,5,117,2015,5,5,66.0,59.0,52.0,52.0,49.0,47.0,83.0,72.0,60.0,30.13,30.09,30.05,10.0,10.0,10.0,20.0,7.0,24.0,0.0,4.0,344.0,0,0,1,0,0,1
2982,5,117,2015,5,6,66.0,60.0,53.0,51.0,49.0,46.0,83.0,72.0,60.0,30.11,30.06,30.01,10.0,10.0,10.0,20.0,7.0,23.0,0.0,3.0,352.0,0,0,1,0,0,1
2986,30,117,2015,5,0,64.0,56.0,48.0,48.0,45.0,42.0,83.0,68.0,52.0,30.01,29.98,29.93,10.0,10.0,10.0,18.0,6.0,26.0,0.0,0.0,258.0,0,0,1,0,0,0
2990,23,117,2015,5,1,65.0,57.0,48.0,42.0,39.0,35.0,71.0,54.0,36.0,30.01,29.97,29.92,10.0,10.0,10.0,18.0,7.0,26.0,0.0,0.0,290.0,0,0,1,0,0,0
2997,39,117,2015,5,2,67.0,59.0,50.0,47.0,43.0,39.0,72.0,56.0,40.0,30.0,29.96,29.91,10.0,10.0,10.0,21.0,6.0,25.0,0.0,2.0,296.0,0,0,1,0,0,0
3003,45,117,2015,5,3,67.0,60.0,52.0,53.0,49.0,44.0,86.0,67.0,48.0,29.91,29.84,29.81,10.0,8.0,1.0,15.0,4.0,18.0,0.6,6.0,64.0,0,0,0,1,0,0
3007,22,117,2015,5,4,67.0,58.0,49.0,50.0,47.0,45.0,93.0,71.0,48.0,30.0,29.94,29.87,10.0,10.0,10.0,22.0,6.0,37.0,0.0,4.0,313.0,0,0,1,0,0,0
3012,4,117,2015,5,5,66.0,59.0,52.0,48.0,47.0,46.0,83.0,68.0,52.0,30.06,30.02,29.98,10.0,10.0,10.0,16.0,6.0,21.0,0.0,4.0,264.0,0,0,1,0,0,1
3015,7,117,2015,5,6,65.0,60.0,55.0,49.0,47.0,45.0,72.0,62.0,52.0,30.09,30.06,30.03,10.0,10.0,10.0,16.0,6.0,22.0,0.0,5.0,300.0,0,0,1,0,0,1
3022,40,117,2015,5,0,63.0,59.0,54.0,49.0,48.0,46.0,83.0,72.0,60.0,30.15,30.1,30.07,10.0,10.0,10.0,13.0,6.0,18.0,0.0,8.0,295.0,0,0,1,0,0,0
3026,40,117,2015,5,1,66.0,60.0,54.0,52.0,49.0,46.0,89.0,71.0,52.0,30.14,30.08,30.02,10.0,10.0,9.0,18.0,5.0,23.0,0.0,6.0,306.0,0,0,1,0,0,0
3031,48,117,2015,5,2,66.0,61.0,55.0,49.0,48.0,46.0,77.0,67.0,56.0,30.02,29.98,29.95,10.0,10.0,10.0,15.0,6.0,22.0,0.0,7.0,276.0,0,0,1,0,0,0
3037,44,117,2015,5,3,67.0,61.0,55.0,53.0,50.0,48.0,80.0,66.0,52.0,30.0,29.96,29.94,10.0,10.0,10.0,16.0,6.0,22.0,0.0,7.0,301.0,0,0,1,0,0,0
3043,25,117,2015,5,4,68.0,61.0,54.0,54.0,51.0,49.0,86.0,71.0,56.0,30.11,30.04,29.99,10.0,10.0,7.0,17.0,6.0,22.0,0.0,7.0,297.0,0,0,0,1,0,0
3046,11,117,2015,5,5,66.0,60.0,54.0,50.0,48.0,46.0,77.0,67.0,56.0,30.13,30.09,30.06,10.0,10.0,10.0,16.0,7.0,22.0,0.0,4.0,262.0,0,0,1,0,0,1
3050,8,117,2015,5,6,68.0,60.0,51.0,53.0,50.0,46.0,83.0,71.0,58.0,30.07,30.02,29.98,10.0,10.0,10.0,23.0,8.0,28.0,0.0,1.0,338.0,0,0,1,0,0,1
3055,6,117,2015,5,0,66.0,61.0,55.0,53.0,50.0,48.0,83.0,71.0,58.0,30.01,29.98,29.95,10.0,10.0,10.0,23.0,9.0,26.0,0.0,4.0,323.0,0,0,1,0,0,0
3060,31,117,2015,5,1,68.0,62.0,55.0,53.0,50.0,48.0,83.0,71.0,58.0,30.04,30.01,29.97,10.0,10.0,10.0,23.0,7.0,26.0,0.0,4.0,335.0,0,0,1,0,0,0
3064,39,117,2015,5,2,69.0,62.0,55.0,53.0,51.0,48.0,86.0,71.0,55.0,30.05,30.03,30.01,10.0,10.0,10.0,22.0,8.0,26.0,0.0,4.0,345.0,0,0,1,0,0,0
3069,36,117,2015,5,3,66.0,60.0,54.0,54.0,52.0,49.0,93.0,78.0,63.0,30.07,30.04,29.99,10.0,10.0,10.0,18.0,8.0,22.0,0.0,5.0,351.0,0,0,1,0,0,0
3072,36,117,2015,5,4,65.0,60.0,55.0,54.0,52.0,50.0,93.0,80.0,67.0,30.02,29.99,29.95,10.0,10.0,10.0,18.0,8.0,22.0,0.0,4.0,360.0,0,0,1,0,0,0
3078,9,117,2015,5,5,69.0,62.0,54.0,56.0,53.0,51.0,86.0,75.0,63.0,29.99,29.96,29.91,10.0,10.0,10.0,20.0,8.0,23.0,0.0,5.0,4.0,0,0,1,0,0,1
3083,3,117,2015,5,6,68.0,62.0,55.0,54.0,51.0,47.0,86.0,72.0,58.0,30.0,29.94,29.92,10.0,10.0,10.0,22.0,8.0,25.0,0.0,4.0,351.0,0,0,1,0,0,1
3086,38,117,2015,6,0,75.0,66.0,56.0,55.0,52.0,48.0,78.0,64.0,49.0,30.08,30.03,29.98,10.0,10.0,9.0,20.0,9.0,24.0,0.0,5.0,278.0,0,0,1,0,0,0
3091,28,117,2015,6,1,70.0,64.0,57.0,56.0,52.0,47.0,86.0,68.0,49.0,30.1,30.05,29.99,10.0,10.0,10.0,23.0,8.0,26.0,0.0,2.0,343.0,0,0,1,0,0,0
3097,42,117,2015,6,2,71.0,62.0,53.0,51.0,49.0,48.0,80.0,64.0,47.0,29.99,29.96,29.91,10.0,10.0,10.0,17.0,6.0,22.0,0.0,1.0,257.0,0,0,1,0,0,0
3101,41,117,2015,6,3,75.0,64.0,52.0,56.0,51.0,47.0,86.0,66.0,46.0,29.9,29.85,29.81,10.0,10.0,10.0,17.0,6.0,21.0,0.0,0.0,12.0,0,0,1,0,0,0
3105,38,117,2015,6,4,74.0,64.0,53.0,57.0,54.0,50.0,89.0,71.0,53.0,29.87,29.83,29.8,10.0,10.0,10.0,17.0,7.0,21.0,0.0,0.0,357.0,0,0,1,0,0,0
3111,7,117,2015,6,5,74.0,66.0,57.0,58.0,55.0,52.0,90.0,72.0,53.0,29.94,29.89,29.86,10.0,10.0,10.0,17.0,8.0,22.0,0.0,3.0,8.0,0,0,1,0,0,1
3114,15,117,2015,6,6,79.0,70.0,60.0,60.0,57.0,56.0,90.0,70.0,50.0,29.94,29.9,29.84,10.0,10.0,10.0,15.0,5.0,20.0,0.0,3.0,348.0,0,0,1,0,0,1
3118,33,117,2015,6,0,91.0,76.0,61.0,63.0,59.0,55.0,84.0,59.0,34.0,29.89,29.84,29.75,10.0,10.0,10.0,15.0,6.0,18.0,0.0,0.0,348.0,0,0,1,0,0,0
3126,37,117,2015,6,1,81.0,71.0,61.0,61.0,58.0,56.0,90.0,69.0,48.0,29.93,29.88,29.84,10.0,10.0,10.0,23.0,6.0,28.0,0.0,1.0,336.0,0,0,1,0,0,0
3132,39,117,2015,6,2,72.0,67.0,62.0,66.0,62.0,59.0,87.0,80.0,73.0,29.95,29.91,29.88,10.0,10.0,6.0,14.0,4.0,17.0,0.1,6.0,329.0,0,0,0,1,0,0
3136,46,117,2015,6,3,78.0,69.0,60.0,63.0,60.0,57.0,100.0,78.0,56.0,29.93,29.88,29.82,10.0,7.0,2.0,18.0,6.0,22.0,0.01,5.0,339.0,0,0,1,0,0,0
3138,27,117,2015,6,4,81.0,71.0,60.0,61.0,58.0,57.0,90.0,68.0,45.0,29.86,29.82,29.76,10.0,10.0,8.0,15.0,5.0,20.0,0.0,1.0,343.0,0,0,1,0,0,0
3145,5,117,2015,6,5,80.0,70.0,59.0,61.0,59.0,55.0,90.0,72.0,54.0,29.8,29.78,29.74,10.0,8.0,6.0,18.0,7.0,23.0,0.0,2.0,354.0,0,0,1,0,0,1
3151,4,117,2015,6,6,72.0,64.0,56.0,56.0,54.0,50.0,87.0,74.0,61.0,29.88,29.82,29.77,10.0,10.0,8.0,21.0,8.0,25.0,0.0,2.0,17.0,0,0,1,0,0,1
3155,33,117,2015,6,0,68.0,62.0,55.0,55.0,52.0,50.0,86.0,75.0,63.0,29.98,29.91,29.86,10.0,10.0,8.0,18.0,8.0,24.0,0.0,4.0,13.0,0,0,1,0,0,0
3159,39,117,2015,6,1,72.0,64.0,55.0,55.0,53.0,50.0,86.0,72.0,57.0,29.98,29.96,29.93,10.0,10.0,10.0,15.0,7.0,20.0,0.0,2.0,8.0,0,0,1,0,0,0
3164,18,117,2015,6,2,76.0,65.0,54.0,57.0,54.0,52.0,93.0,73.0,53.0,29.97,29.94,29.91,10.0,10.0,9.0,16.0,6.0,20.0,0.0,2.0,354.0,0,0,1,0,0,0
3169,37,117,2015,6,3,73.0,65.0,56.0,55.0,52.0,49.0,86.0,65.0,44.0,30.04,30.0,29.95,10.0,10.0,9.0,21.0,7.0,23.0,0.0,0.0,3.0,0,0,1,0,0,0
3176,28,117,2015,6,4,75.0,65.0,54.0,55.0,52.0,49.0,89.0,68.0,46.0,30.03,29.99,29.96,10.0,10.0,10.0,20.0,7.0,23.0,0.0,0.0,3.0,0,0,1,0,0,0
3177,1,117,2015,6,5,75.0,66.0,56.0,58.0,55.0,51.0,86.0,70.0,53.0,29.95,29.91,29.88,10.0,10.0,10.0,16.0,6.0,18.0,0.0,0.0,343.0,0,0,1,0,0,1
3184,5,117,2015,6,6,70.0,63.0,56.0,57.0,53.0,49.0,93.0,72.0,51.0,30.05,30.0,29.9,10.0,10.0,10.0,21.0,9.0,25.0,0.0,3.0,360.0,0,0,1,0,0,1
3188,36,117,2015,6,0,68.0,62.0,55.0,55.0,53.0,50.0,86.0,75.0,63.0,30.08,30.05,30.02,10.0,10.0,10.0,22.0,8.0,25.0,0.0,1.0,16.0,0,0,1,0,0,0
3192,40,117,2015,6,1,75.0,65.0,55.0,56.0,52.0,44.0,83.0,62.0,40.0,30.04,30.0,29.95,10.0,10.0,10.0,22.0,7.0,25.0,0.0,0.0,359.0,0,0,1,0,0,0
3200,39,117,2015,6,2,77.0,66.0,54.0,57.0,54.0,49.0,86.0,66.0,46.0,29.98,29.94,29.89,10.0,10.0,10.0,17.0,7.0,28.0,0.0,1.0,10.0,0,0,1,0,0,0
3203,39,117,2015,6,3,87.0,74.0,60.0,59.0,56.0,53.0,78.0,55.0,32.0,29.93,29.9,29.86,10.0,10.0,10.0,14.0,5.0,18.0,0.0,0.0,333.0,0,0,1,0,0,0
3207,40,117,2015,6,4,81.0,71.0,60.0,60.0,58.0,55.0,84.0,68.0,52.0,29.98,29.93,29.9,10.0,10.0,10.0,17.0,7.0,44.0,0.0,0.0,342.0,0,0,1,0,0,0
3212,4,117,2015,6,5,79.0,69.0,59.0,60.0,57.0,53.0,87.0,70.0,53.0,30.02,29.99,29.96,10.0,10.0,10.0,18.0,8.0,21.0,0.0,2.0,9.0,0,0,1,0,0,1
3216,16,117,2015,6,6,74.0,68.0,62.0,59.0,58.0,57.0,84.0,71.0,57.0,30.03,30.0,29.97,10.0,10.0,10.0,21.0,10.0,24.0,0.0,3.0,360.0,0,0,1,0,0,1
3223,38,117,2015,6,0,77.0,68.0,59.0,59.0,57.0,54.0,84.0,69.0,53.0,30.04,29.99,29.93,10.0,10.0,10.0,16.0,8.0,20.0,0.0,3.0,346.0,0,0,1,0,0,0
3225,47,117,2015,6,1,89.0,75.0,61.0,60.0,57.0,53.0,90.0,61.0,32.0,29.94,29.89,29.81,10.0,10.0,10.0,13.0,5.0,18.0,0.0,1.0,340.0,0,0,1,0,0,0
3233,29,117,2015,7,2,82.0,73.0,63.0,63.0,60.0,57.0,90.0,70.0,49.0,29.93,29.89,29.84,10.0,10.0,10.0,16.0,5.0,21.0,0.0,0.0,341.0,0,0,0,1,0,0
3235,25,117,2015,7,3,78.0,71.0,64.0,61.0,60.0,59.0,87.0,71.0,54.0,29.99,29.95,29.92,10.0,10.0,10.0,16.0,7.0,20.0,0.0,0.0,337.0,0,0,0,1,0,0
3242,2,117,2015,7,4,78.0,70.0,62.0,62.0,60.0,59.0,93.0,74.0,54.0,29.97,29.93,29.87,10.0,10.0,10.0,21.0,8.0,25.0,0.0,3.0,350.0,0,0,1,0,0,0
3247,6,117,2015,7,5,76.0,70.0,63.0,62.0,60.0,59.0,90.0,75.0,60.0,29.91,29.88,29.84,10.0,10.0,10.0,20.0,7.0,23.0,0.0,4.0,359.0,0,0,1,0,0,1
3254,4,117,2015,7,6,78.0,70.0,61.0,61.0,58.0,56.0,90.0,72.0,54.0,30.02,29.95,29.9,10.0,10.0,9.0,22.0,9.0,25.0,0.0,3.0,39.0,0,0,1,0,0,1
3256,37,117,2015,7,0,77.0,70.0,63.0,59.0,57.0,55.0,84.0,69.0,54.0,30.1,30.06,30.02,10.0,10.0,10.0,23.0,9.0,26.0,0.0,3.0,351.0,0,0,1,0,0,0
3261,39,117,2015,7,1,78.0,69.0,60.0,60.0,57.0,53.0,84.0,66.0,47.0,30.06,30.0,29.92,10.0,10.0,10.0,25.0,8.0,29.0,0.0,3.0,336.0,0,0,1,0,0,0
3267,38,117,2015,7,2,74.0,67.0,59.0,57.0,54.0,53.0,84.0,69.0,53.0,29.93,29.89,29.83,10.0,10.0,10.0,22.0,7.0,26.0,0.0,3.0,319.0,0,0,1,0,0,0
3273,49,117,2015,7,3,71.0,66.0,61.0,58.0,55.0,53.0,78.0,70.0,61.0,29.92,29.89,29.85,10.0,10.0,10.0,16.0,6.0,20.0,0.0,8.0,299.0,0,0,0,1,0,0
3277,35,117,2015,7,4,73.0,68.0,62.0,57.0,55.0,54.0,84.0,71.0,57.0,29.98,29.94,29.9,10.0,10.0,10.0,20.0,7.0,23.0,0.0,4.0,336.0,0,0,1,0,0,0
3280,2,117,2015,7,5,77.0,67.0,57.0,57.0,54.0,52.0,80.0,64.0,47.0,30.02,29.99,29.95,10.0,10.0,10.0,24.0,7.0,29.0,0.0,1.0,349.0,0,0,1,0,0,1
3287,7,117,2015,7,6,76.0,69.0,62.0,57.0,54.0,52.0,73.0,62.0,50.0,30.06,30.04,30.01,10.0,10.0,10.0,26.0,8.0,31.0,0.0,0.0,341.0,0,0,1,0,0,1
3292,38,117,2015,7,0,78.0,68.0,58.0,61.0,56.0,53.0,84.0,66.0,48.0,30.06,30.01,29.95,10.0,10.0,10.0,23.0,8.0,28.0,0.0,1.0,342.0,0,0,1,0,0,0
3299,50,117,2015,7,1,74.0,67.0,59.0,57.0,56.0,55.0,84.0,69.0,53.0,29.96,29.93,29.89,10.0,10.0,10.0,22.0,8.0,26.0,0.0,1.0,344.0,0,0,1,0,0,0
3300,47,117,2015,7,2,81.0,70.0,59.0,62.0,57.0,53.0,84.0,65.0,45.0,29.92,29.89,29.86,10.0,10.0,10.0,16.0,6.0,21.0,0.0,1.0,349.0,0,0,1,0,0,0
3309,50,117,2015,7,3,81.0,70.0,59.0,61.0,58.0,55.0,87.0,69.0,51.0,29.94,29.91,29.86,10.0,10.0,10.0,18.0,7.0,25.0,0.0,2.0,21.0,0,0,1,0,0,0
3314,28,117,2015,7,4,79.0,71.0,62.0,61.0,59.0,57.0,90.0,71.0,52.0,29.89,29.85,29.79,10.0,10.0,10.0,16.0,7.0,21.0,0.0,2.0,356.0,0,0,1,0,0,0
3315,2,117,2015,7,5,79.0,70.0,61.0,59.0,57.0,55.0,84.0,67.0,50.0,30.02,29.92,29.85,10.0,10.0,10.0,22.0,9.0,26.0,0.0,3.0,17.0,0,0,1,0,0,1
3319,2,117,2015,7,6,89.0,77.0,65.0,64.0,59.0,57.0,78.0,59.0,40.0,30.08,30.04,30.01,10.0,10.0,10.0,18.0,6.0,21.0,0.0,2.0,3.0,0,0,1,0,0,1
3327,44,117,2015,7,0,86.0,76.0,65.0,65.0,61.0,57.0,81.0,63.0,44.0,30.05,30.0,29.94,10.0,10.0,10.0,23.0,9.0,28.0,0.0,0.0,8.0,0,0,1,0,0,0
3329,46,117,2015,7,1,75.0,69.0,63.0,60.0,59.0,57.0,84.0,73.0,61.0,29.96,29.92,29.87,10.0,10.0,10.0,21.0,9.0,26.0,0.0,2.0,4.0,0,0,1,0,0,0
3335,37,117,2015,7,2,74.0,67.0,60.0,57.0,55.0,50.0,90.0,70.0,49.0,29.94,29.88,29.85,10.0,10.0,10.0,25.0,8.0,30.0,0.0,0.0,4.0,0,0,1,0,0,0
3340,51,117,2015,7,3,74.0,66.0,57.0,56.0,53.0,50.0,80.0,65.0,49.0,30.08,30.01,29.94,10.0,10.0,10.0,20.0,8.0,24.0,0.0,2.0,342.0,0,0,1,0,0,0
3345,38,117,2015,7,4,75.0,66.0,56.0,57.0,52.0,48.0,77.0,62.0,46.0,30.14,30.11,30.07,10.0,10.0,10.0,23.0,8.0,25.0,0.0,0.0,346.0,0,0,1,0,0,0
3352,5,117,2015,7,5,72.0,66.0,59.0,59.0,57.0,52.0,87.0,77.0,66.0,30.12,30.07,30.01,10.0,10.0,10.0,23.0,8.0,31.0,0.0,1.0,2.0,0,0,1,0,0,1
3355,6,117,2015,7,6,79.0,69.0,59.0,59.0,55.0,51.0,87.0,63.0,39.0,30.0,29.96,29.93,10.0,10.0,10.0,22.0,7.0,26.0,0.0,2.0,358.0,0,0,1,0,0,1
3358,48,117,2015,7,0,85.0,72.0,59.0,61.0,56.0,51.0,78.0,57.0,36.0,29.98,29.93,29.88,10.0,10.0,10.0,23.0,7.0,26.0,0.0,0.0,346.0,0,0,1,0,0,0
3363,44,117,2015,7,1,92.0,76.0,60.0,60.0,57.0,54.0,78.0,55.0,32.0,29.91,29.88,29.83,10.0,10.0,1.0,17.0,4.0,22.0,0.0,0.0,345.0,0,0,1,0,0,0
3369,43,117,2015,7,2,85.0,75.0,64.0,63.0,58.0,53.0,87.0,64.0,40.0,29.98,29.92,29.88,10.0,10.0,9.0,16.0,6.0,21.0,0.0,0.0,341.0,0,0,1,0,0,0
3375,40,117,2015,7,3,78.0,71.0,64.0,64.0,61.0,60.0,87.0,73.0,58.0,30.06,30.01,29.97,10.0,10.0,9.0,15.0,8.0,28.0,0.0,3.0,350.0,0,0,1,0,0,0
3380,27,117,2015,7,4,76.0,70.0,64.0,62.0,60.0,58.0,87.0,76.0,64.0,30.05,30.02,29.97,10.0,10.0,10.0,21.0,8.0,24.0,0.0,3.0,2.0,0,0,1,0,0,0
3385,13,117,2015,8,5,77.0,71.0,64.0,62.0,60.0,58.0,84.0,69.0,54.0,30.04,29.99,29.94,10.0,10.0,10.0,18.0,8.0,22.0,0.0,3.0,29.0,0,0,1,0,0,1
3389,8,117,2015,8,6,75.0,69.0,63.0,61.0,58.0,56.0,87.0,72.0,57.0,30.0,29.96,29.91,10.0,10.0,10.0,21.0,8.0,23.0,0.0,4.0,349.0,0,0,1,0,0,1
3395,45,117,2015,8,0,77.0,70.0,62.0,56.0,54.0,52.0,78.0,61.0,43.0,30.0,29.97,29.93,10.0,10.0,10.0,23.0,6.0,26.0,0.0,1.0,308.0,0,0,1,0,0,0
3398,44,117,2015,8,1,76.0,68.0,59.0,56.0,54.0,51.0,75.0,61.0,46.0,30.03,30.0,29.98,10.0,10.0,10.0,20.0,6.0,23.0,0.0,1.0,318.0,0,0,1,0,0,0
3402,39,117,2015,8,2,78.0,69.0,60.0,62.0,57.0,53.0,87.0,71.0,54.0,30.07,30.0,29.93,10.0,10.0,10.0,16.0,6.0,20.0,0.0,0.0,359.0,0,0,1,0,0,0
3407,50,117,2015,8,3,77.0,69.0,61.0,61.0,60.0,58.0,90.0,75.0,60.0,29.93,29.89,29.83,10.0,10.0,8.0,22.0,5.0,25.0,0.01,1.0,357.0,0,0,1,0,0,0
3412,35,117,2015,8,4,79.0,70.0,60.0,59.0,57.0,54.0,84.0,66.0,48.0,29.92,29.88,29.84,10.0,10.0,10.0,20.0,8.0,24.0,0.0,1.0,356.0,0,0,1,0,0,0
3419,6,117,2015,8,5,76.0,69.0,62.0,59.0,57.0,53.0,84.0,69.0,53.0,29.97,29.94,29.92,10.0,10.0,10.0,23.0,9.0,26.0,0.0,2.0,39.0,0,0,1,0,0,1
3422,6,117,2015,8,6,77.0,67.0,57.0,62.0,56.0,51.0,80.0,69.0,57.0,29.98,29.95,29.91,10.0,10.0,10.0,23.0,7.0,28.0,0.0,0.0,14.0,0,0,1,0,0,1
3426,33,117,2015,8,0,79.0,69.0,59.0,61.0,58.0,55.0,90.0,72.0,53.0,30.0,29.95,29.92,10.0,10.0,10.0,22.0,7.0,28.0,0.0,1.0,4.0,0,0,1,0,0,0
3432,51,117,2015,8,1,77.0,69.0,61.0,59.0,56.0,52.0,84.0,67.0,50.0,30.01,29.95,29.91,10.0,10.0,10.0,24.0,7.0,28.0,0.0,2.0,349.0,0,0,1,0,0,0
3435,34,117,2015,8,2,81.0,70.0,59.0,61.0,55.0,51.0,81.0,62.0,42.0,30.08,30.04,30.0,10.0,10.0,10.0,22.0,7.0,30.0,0.0,0.0,343.0,0,0,1,0,0,0
3440,36,117,2015,8,3,79.0,70.0,61.0,61.0,58.0,54.0,90.0,68.0,45.0,30.07,30.05,30.0,10.0,10.0,10.0,23.0,7.0,28.0,0.0,2.0,346.0,0,0,1,0,0,0
3448,29,117,2015,8,4,78.0,71.0,63.0,60.0,58.0,55.0,84.0,67.0,50.0,30.11,30.06,30.01,10.0,10.0,9.0,21.0,8.0,25.0,0.0,3.0,334.0,0,0,1,0,0,0
3451,2,117,2015,8,5,95.0,77.0,58.0,63.0,56.0,50.0,86.0,55.0,23.0,30.01,29.96,29.88,10.0,8.0,3.0,16.0,5.0,18.0,0.0,0.0,346.0,0,0,1,0,0,1
3456,8,117,2015,8,6,97.0,82.0,66.0,63.0,58.0,49.0,78.0,50.0,22.0,29.92,29.87,29.81,9.0,8.0,6.0,16.0,4.0,20.0,0.0,0.0,343.0,0,0,1,0,0,1
3458,33,117,2015,8,0,85.0,74.0,62.0,64.0,60.0,55.0,87.0,66.0,45.0,29.92,29.86,29.82,10.0,9.0,7.0,14.0,6.0,17.0,0.0,1.0,341.0,0,0,1,0,0,0
3466,45,117,2015,8,1,78.0,69.0,60.0,61.0,58.0,55.0,90.0,72.0,54.0,29.95,29.92,29.88,10.0,9.0,6.0,17.0,8.0,21.0,0.0,4.0,11.0,0,0,1,0,0,0
3468,37,117,2015,8,2,75.0,70.0,64.0,61.0,58.0,55.0,78.0,68.0,57.0,29.96,29.93,29.9,10.0,9.0,7.0,20.0,7.0,23.0,0.0,3.0,17.0,0,0,1,0,0,0
3475,30,117,2015,8,3,72.0,68.0,63.0,58.0,57.0,55.0,78.0,68.0,57.0,29.94,29.91,29.87,10.0,10.0,10.0,17.0,8.0,23.0,0.0,4.0,346.0,0,0,1,0,0,0
3478,28,117,2015,8,4,75.0,68.0,61.0,59.0,57.0,55.0,84.0,71.0,57.0,29.92,29.89,29.87,10.0,10.0,10.0,20.0,8.0,23.0,0.0,2.0,75.0,0,0,1,0,0,0
3484,9,117,2015,8,5,77.0,69.0,61.0,60.0,57.0,55.0,84.0,69.0,54.0,29.96,29.92,29.88,10.0,10.0,10.0,17.0,8.0,21.0,0.0,4.0,50.0,0,0,1,0,0,1
3490,15,117,2015,8,6,75.0,69.0,63.0,59.0,57.0,56.0,84.0,71.0,57.0,30.04,29.99,29.95,10.0,10.0,10.0,20.0,7.0,23.0,0.0,4.0,25.0,0,0,1,0,0,1
3492,47,117,2015,8,0,75.0,68.0,61.0,59.0,57.0,55.0,84.0,71.0,57.0,30.08,30.03,29.98,10.0,10.0,9.0,15.0,7.0,20.0,0.0,3.0,358.0,0,0,1,0,0,0
3500,52,117,2015,8,1,76.0,68.0,59.0,60.0,58.0,55.0,84.0,71.0,57.0,30.04,30.0,29.95,10.0,10.0,9.0,16.0,6.0,18.0,0.0,2.0,358.0,0,0,1,0,0,0
3504,54,117,2015,8,2,83.0,72.0,61.0,60.0,58.0,54.0,90.0,64.0,37.0,30.06,30.02,29.98,10.0,9.0,5.0,17.0,5.0,20.0,0.0,3.0,353.0,0,0,1,0,0,0
3508,32,117,2015,8,3,89.0,76.0,63.0,59.0,55.0,48.0,78.0,52.0,26.0,30.07,30.02,29.97,10.0,10.0,10.0,22.0,5.0,25.0,0.0,0.0,356.0,0,0,1,0,0,0
3513,36,117,2015,8,4,91.0,78.0,64.0,65.0,60.0,53.0,87.0,61.0,34.0,29.98,29.91,29.84,10.0,10.0,10.0,22.0,7.0,26.0,0.0,1.0,356.0,0,0,1,0,0,0
3518,14,117,2015,8,5,81.0,73.0,64.0,65.0,62.0,52.0,87.0,68.0,49.0,30.03,29.98,29.92,10.0,10.0,10.0,23.0,7.0,29.0,0.0,4.0,349.0,0,0,1,0,0,1
3521,16,117,2015,8,6,79.0,70.0,61.0,60.0,55.0,51.0,78.0,63.0,47.0,30.08,30.02,29.96,10.0,10.0,10.0,22.0,8.0,25.0,0.0,2.0,327.0,0,0,1,0,0,1
3528,54,117,2015,8,0,82.0,72.0,61.0,62.0,56.0,52.0,84.0,63.0,42.0,29.97,29.92,29.86,10.0,10.0,10.0,22.0,6.0,25.0,0.0,0.0,6.0,0,0,1,0,0,0
